domain_id,domain,subdomain_id,subdomain,topic_id,topic,formats,temporality,knowledge,premed_appropriate,must_understand,assessment,common_weak_responses,dangerous_misconceptions
D1,"Motivation, insight and reflection",D1.1,Motivation for medicine,D1.1.1,Origin and evolution of interest,DQ; FU,EVERGREEN,NONE,True,"That an interest that developed and was tested is more credible than a single formative moment, and that the interviewer is listening for what tested it.",Direct question with follow-up asking what nearly changed their mind.,A childhood anecdote with no development since | 'I've always wanted to help people' | Naming a relative's illness as the whole answer,Believing a dramatic origin story scores better than a mundane one | Treating the question as a test of sincerity rather than of realism
D1,"Motivation, insight and reflection",D1.1,Motivation for medicine,D1.1.2,Medicine versus adjacent professions,DQ; FU,SLOW,CONTEXT,True,"What nursing, physician associate, paramedic, physiotherapy, biomedical science and dentistry actually involve, and what specifically about the doctor's role is the draw — diagnostic responsibility, longitudinal decision-making, breadth.","'Why not nursing?' and its variants, with follow-up on what the candidate knows about the alternative.",Answers that elevate medicine by diminishing nursing | 'I want more responsibility' with no account of what that responsibility is | Not knowing what a physician associate does,"Disparaging another profession — this is a red flag, not a weak answer | Assuming the PA role is unchanged: the Leng Review (16 July 2025) recommended renaming to 'physician assistant', scope limits and named supervisors, and GMC registration becomes mandatory on 13 December 2026"
D1,"Motivation, insight and reflection",D1.1,Motivation for medicine,D1.1.3,Course and school fit,DQ; FU,SLOW,CONTEXT,True,"The actual differences between course structures — problem-based, case-based, traditional, integrated, early clinical contact, intercalation, campus versus dispersed placements — and which suits how they learn, with a reason.",'Why this school?' Sheffield scores this as a named section ('Knowledge of Sheffield'); ScotGEM and Pears Cumbria assess school- and region-specific commitment.,Reciting rankings or league tables | 'The city seemed nice' | Course features that are true of almost every UK medical school,"Assuming this question is filler — at Sheffield it is a scored section, and at ScotGEM and Pears Cumbria it is central"
D1,"Motivation, insight and reflection",D1.1,Motivation for medicine,D1.1.4,"Realism about cost, length and commitment",DQ; FU,EVERGREEN,CONTEXT,True,"Five to six years, substantial debt, foundation training, and specialty training beyond that; that the commitment is made at 17 or 18 and is hard to reverse.","Direct question, or a challenge: 'What would make you regret this?'",Denying any downside | Treating the question as a trap and refusing to name a real cost,Performing certainty rather than considered commitment
D1,"Motivation, insight and reflection",D1.2,Insight into medical training,D1.2.1,Structure of UK medical training,DQ; FU,SLOW,CONTEXT,True,"Medical school, provisional registration, Foundation Years 1 and 2, then core or specialty training; that specialty choice is not made at application; that four UK nations run separate systems.",Direct question or a follow-up probing whether a stated specialty ambition is informed.,Announcing a specialty at 17 with no awareness of when that choice is made | Confusing foundation training with specialty training,"Speaking about 'the NHS' as one organisation — England, Scotland, Wales and Northern Ireland differ materially"
D1,"Motivation, insight and reflection",D1.2,Insight into medical training,D1.2.2,Competition and the training bottleneck,PD; FU,FAST,CONTEXT,True,"That competition for specialty training posts intensified sharply, and that the Medical Training (Prioritisation) Act 2026 (Royal Assent 5 March 2026) prioritises UK graduates. NHS England reported in June 2026 that ratios fell from roughly 4:1 to 2:1 for prioritised candidates, who filled 98% of posts.","Policy discussion, or a follow-up to a naive statement about guaranteed employment.",Assuming a medical degree guarantees a job | Citing pre-2026 competition ratios as current,Not knowing the Act exists — this was the largest change to UK medical careers in the last two years | Arguing the ethics of prioritisation one-sidedly without acknowledging the IMG supply and fairness questions
D1,"Motivation, insight and reflection",D1.2,Insight into medical training,D1.2.3,Non-clinical realities of training,DQ; PE,EVERGREEN,CONTEXT,True,"Rotational placements, relocation, night and weekend shifts, postgraduate exams paid for and sat alongside full-time work, and the effect on relationships and finances.",Personal-example or direct question about what they expect to find hardest.,Naming only academic difficulty | 'Long hours' with no specificity,Romanticising sacrifice as a virtue rather than describing how they would manage it
D1,"Motivation, insight and reflection",D1.2,Insight into medical training,D1.2.4,Attrition and why doctors leave,DQ; PD,SLOW,CONTEXT,True,"That people leave medicine, and that the reasons are usually systemic — workload, autonomy, moral distress, pay erosion — rather than individual weakness.",Policy or direct question.,Attributing attrition to people 'not being cut out for it',Framing resilience as an individual duty and ignoring the system — this reads as naive to any practising interviewer
D1,"Motivation, insight and reflection",D1.3,Insight into medical practice,D1.3.1,The doctor within a multidisciplinary team,DQ; RP; ES,SLOW,LAY,True,"That most care is delivered by teams, that nurses, pharmacists, physiotherapists, physician associates and healthcare assistants hold expertise the doctor does not, and what the doctor specifically contributes.","Direct question, roleplay with an HCP actor, or a station about disagreement across roles.",Describing the doctor as 'leading' without saying what that means in practice | Listing team members without describing interdependence,Implicit hierarchy of worth — a common and heavily penalised failure
D1,"Motivation, insight and reflection",D1.3,Insight into medical practice,D1.3.2,Limits of medicine,DQ; ES,EVERGREEN,LAY,True,"That much of medicine is managing rather than curing; that chronic disease, frailty, uncertainty and death are the ordinary case, not the failure case.","Direct question, or an ethical scenario where nothing can be fixed.",A cure-focused account of the job | Treating death as failure,Believing the assessed answer is optimism — Plymouth explicitly assesses 'Impact of illness'
D1,"Motivation, insight and reflection",D1.3,Insight into medical practice,D1.3.3,Emotional cost and its management,DQ; FU,EVERGREEN,NONE,True,"That distress is a normal response to distressing work, and that the professional question is what you do with it — debriefing, supervision, peer support, occupational health.",Direct question or reflective follow-up after a roleplay.,'I'd keep it professional and not let it affect me' | Listing exercise and sleep as the whole answer,Presenting emotional detachment as professionalism | Suggesting coping strategies involving physical discomfort or self-punishment
D1,"Motivation, insight and reflection",D1.3,Insight into medical practice,D1.3.4,The gap between depiction and reality,DQ; FU,EVERGREEN,LAY,True,"That medical drama and social media portray an unrepresentative slice — acuity, drama, decisiveness — and that most of the work is documentation, communication, coordination and uncertainty.","Direct question, often as a challenge to a naive earlier answer.",Not being able to name anything mundane about the job,Citing television as a source of insight
D1,"Motivation, insight and reflection",D1.4,Reflection on experience,D1.4.1,Reflection on caring or service experience,WE; FU,EVERGREEN,NONE,True,MSC: 'It is what you learn about yourself; about other people and about how effective care is delivered.' And: 'What you did is only half the story: make sure you show us what attributes you demonstrated.',Work-experience reflection with escalating follow-up.,Narrating duties chronologically | Naming an attribute without the incident that evidences it | 'It confirmed my desire to do medicine',"Believing more hours score higher — MSC states most schools set no minimum, and that 'there is little benefit in repeating the same type of work experience'"
D1,"Motivation, insight and reflection",D1.4,Reflection on experience,D1.4.2,Reflection on clinical observation,WE; FU,EVERGREEN,LAY,True,That watching is the weakest form of experience and needs the most reflective work; MSC states repeated shadowing 'is unlikely to be of benefit'.,"Work-experience reflection, with follow-up asking what they saw that surprised them.",Describing procedures rather than interactions | Claiming skills that were only observed in others,Reporting identifiable patient detail — a confidentiality red flag in the interview itself | Assuming hospital shadowing outranks a care home or retail job in the school's eyes
D1,"Motivation, insight and reflection",D1.4,Reflection on experience,D1.4.3,Reflection on non-healthcare work,WE; PE,EVERGREEN,NONE,True,"That paid service work — retail, hospitality, coaching, tutoring, lifeguarding — evidences communication, reliability, dealing with difficult people and working under pressure, and that MSC treats it as legitimate.",Work-experience reflection.,Apologising for the experience or ranking it below clinical exposure,A product that implicitly ranks hospital experience above service work reproduces an access inequity the schools have explicitly moved away from
D1,"Motivation, insight and reflection",D1.4,Reflection on experience,D1.4.4,Reflection on failure,PE; FU,EVERGREEN,NONE,True,"That the assessed content is the diagnosis and the change, not the setback; and that a real failure with a genuine cost is more credible than a near-miss success.","Personal-example question with follow-up: 'What would you do differently, specifically?'",A humblebrag failure | Blaming circumstances entirely | A change described in general terms with no evidence it happened,Choosing a failure so trivial that it evidences no self-awareness
D1,"Motivation, insight and reflection",D1.4,Reflection on experience,D1.4.5,Reflection on caring for family,WE,EVERGREEN,NONE,True,"That MSC states some schools may consider caring for unwell family, while noting that professional caring differs; and that this is legitimate experience.","Work-experience reflection, handled carefully.",Presenting it as clinical training,"PRODUCT RULE: never prompt for detail about a family member's condition, and never score its disclosure. Frame prompts around what the candidate did and learned, not what the person had."
D1,"Motivation, insight and reflection",D1.4,Reflection on experience,D1.4.6,Learning from feedback,PE; RP; FU,EVERGREEN,NONE,True,"That the assessed behaviour is what changed, and that seeking feedback proactively is stronger evidence than receiving it well.","Personal-example question, or delivering critical feedback within a roleplay and observing the response.",'I take all feedback on board' | No example of feedback that stung,Defending the original position under a follow-up designed to test exactly this
D2,Communication,D2.1,Listening and responding,D2.1.1,Active listening and checking understanding,RP; IT; EX,EVERGREEN,NONE,True,"That summarising back and inviting correction is a behaviour that can be observed in a transcript, and that it changes what the other person says next.",Roleplay; scored on whether a summary occurred and whether it was accurate.,Saying 'I hear you' without demonstrating what was heard | Summarising inaccurately and not noticing,Treating listening as a pause rather than an action
D2,Communication,D2.1,Listening and responding,D2.1.2,Picking up cues,RP,EVERGREEN,NONE,True,That people signal concerns obliquely — 'my daughter usually comes with me' — and that following the cue rather than the agenda is what changes the outcome of a station.,Roleplay with a planted cue and a hidden fact behind it.,Continuing the prepared agenda past an obvious cue | Noticing the cue but not acting on it,This is the single highest-value roleplay behaviour and is invisible in a static question bank
D2,Communication,D2.1,Listening and responding,D2.1.3,Silence and pacing,RP,EVERGREEN,NONE,True,"That silence after bad news is a tool, and that filling it is the commonest novice error.",Roleplay in which the actor pauses; scored on whether the candidate waits.,Talking through the pause | Immediately offering solutions,Not assessable from a transcript alone — this is an interactive-only dimension
D2,Communication,D2.2,Explaining,D2.2.1,Explaining a non-medical process to a lay listener,EX; IT,EVERGREEN,NONE,True,"Structure, chunking, plain language, and checking at intervals rather than only at the end.",Explanation task with a listener who asks a clarifying question mid-way.,"Uninterrupted monologue | Checking only once, at the end | Analogies that are not explained",Fluency is not comprehension. Score whether the listener understood.
D2,Communication,D2.2,Explaining,D2.2.2,Explaining a health concept within lay limits,EX; RP,SLOW,LAY,True,"That an applicant may explain what a clinical trial, a waiting list, a vaccine or a screening programme is, and must not explain a diagnosis, a treatment choice or a prognosis.",Explanation task with an actor who pushes for more than the candidate should give.,Over-simplifying to the point of inaccuracy | Refusing to explain anything at all,"Crossing into clinical advice under social pressure — a red flag, and the point of the station"
D2,Communication,D2.2,Explaining,D2.2.3,Avoiding and unpacking jargon,EX; IT,EVERGREEN,NONE,True,"That jargon includes ordinary words used technically, and that saying the term and then defining it is usually better than avoiding it.","Automated jargon detection in the transcript, checked against whether a definition followed within two sentences.",Using a technical term and moving on | Substituting a vaguer word rather than explaining,Our own scoring must not reward vocabulary — see the anti-buzzword rules
D2,Communication,D2.3,Instruction and precision,D2.3.1,Giving instructions without shared visual reference,IT,EVERGREEN,NONE,True,"Establishing a starting point, sequencing, using unambiguous reference terms, and confirming after each step.","Instruction task with a listener who follows instructions literally, including where they are ambiguous.","Assuming shared orientation | Deictic language ('here', 'like this') | No confirmation between steps","The listener must genuinely execute badly-specified instructions badly, or the station tests nothing"
D2,Communication,D2.3,Instruction and precision,D2.3.2,Sequencing and prioritising information,EX; DQ,EVERGREEN,NONE,True,"That people retain the first and last things said, and that the most important information should not be buried mid-answer.",Any station; scored on transcript structure.,Chronological narration where importance ordering was needed,Signposting phrases without an underlying structure — a buzzword risk in our own scoring
D2,Communication,D2.4,Difficult conversations,D2.4.1,Delivering unwelcome news within competence,RP,EVERGREEN,NONE,True,"That an applicant delivers non-clinical bad news — a cancelled session, a lost item, a change of plan, a mistake they made — and never a diagnosis or prognosis. Warning shot, plain language, pause, respond.",Roleplay in a volunteering or school setting.,Burying the news in preamble | Delivering it and immediately explaining process | Apologising so much the news is unclear,"Stations that ask an applicant to break a diagnosis are unrepresentative of UK MMIs and should not be built. Imperial lists 'empathy and breaking bad news' as a topic, but the assessable version for a 17-year-old is non-clinical."
D2,Communication,D2.4,Difficult conversations,D2.4.2,Responding to anger,RP,EVERGREEN,NONE,True,"That anger usually protects something else — fear, powerlessness, guilt — and that acknowledgement precedes explanation; that defending the organisation first escalates.",Roleplay with an angry actor whose intensity responds to the candidate's behaviour.,Explaining the policy first | Matching the register | Premature apology that does not name what is being apologised for,Scoring de-escalation as compliance. A candidate should not agree to something they cannot deliver in order to calm someone down.
D2,Communication,D2.4,Difficult conversations,D2.4.3,Responding to distress,RP,EVERGREEN,NONE,True,"That acknowledgement and space precede information, and that 'I don't know what to say, but I'm not going anywhere' outperforms a solution.",Roleplay with a tearful actor.,Immediate problem-solving | False reassurance ('I'm sure it will be fine') | Redirecting to a professional before acknowledging anything,Reflective listening that amplifies rather than steadies — our actor design must not reward spiralling
D2,Communication,D2.4,Difficult conversations,D2.4.4,Responding to grief,RP,EVERGREEN,NONE,True,"That grief is not a problem to be solved, that platitudes harm, and that the useful acts are presence, specificity and practical offers.",Roleplay with a bereaved actor in a non-clinical setting.,'They're in a better place' | 'I know exactly how you feel' | Changing the subject,Do not build stations where an applicant breaks news of a death. That is outside any plausible applicant role.
D2,Communication,D2.4,Difficult conversations,D2.4.5,Apologising,RP; ES,SLOW,CONTEXT,True,"That an apology names what happened, takes responsibility without excuse, and says what happens next; that the GMC's professional duty of candour requires telling, apologising, offering a remedy and explaining the effects.",Roleplay in which the candidate has made a real error.,'I'm sorry you feel that way' | An apology followed immediately by 'but',"Do not attribute to the GMC the line that 'an apology is not an admission of liability'. That proposition is statutory (Compensation Act 2006 s.2), not GMC wording."
D2,Communication,D2.5,Structure and rapport,D2.5.1,Opening and orienting,RP,EVERGREEN,NONE,True,"Introducing yourself, saying your role accurately — 'I'm a volunteer here', not anything more — and stating the purpose.",Roleplay; scored on whether the role was stated accurately.,No introduction | Ambiguous role description that lets the actor assume clinical authority,Failing to correct an actor who calls the candidate 'doctor' or 'nurse' is a red flag
D2,Communication,D2.5,Structure and rapport,D2.5.2,Signposting and answer structure,DQ; PD; ES,EVERGREEN,NONE,True,"That a short structural frame helps under time pressure, and that the frame must be filled with content rather than announced.",Transcript structure analysis on any station.,Announcing three points and delivering one | Structure so heavy it consumes the station,ANTI-BUZZWORD: do not award marks for the phrase 'there are two sides to this'. Award them for the second side actually being argued.
D2,Communication,D2.5,Structure and rapport,D2.5.3,Closing and checking,RP,EVERGREEN,NONE,True,"Summarising what was agreed, checking the other person has what they need, and saying what happens next.",Roleplay ending; scored on whether a close occurred before time.,Running out of time mid-sentence with no close | Closing without checking,Time management is a scored behaviour at every station-based school. A perfect answer that does not finish is not a perfect answer.
D2,Communication,D2.6,Asynchronous and digital communication,D2.6.1,Recorded response with no interlocutor,AR,EVERGREEN,NONE,True,"That with no feedback loop, structure must be explicit, the answer must be self-contained, and the timer is the only cue.","Asynchronous recorded station — Brunel's exact format: 2 minutes reading, 5 minutes recording.",Conversational hedging that works live and fails on camera | Running out of time with no conclusion | Waiting for a prompt that never comes,Practising only live mocks actively mis-prepares Brunel applicants
D2,Communication,D2.6,Asynchronous and digital communication,D2.6.2,Professionalism online,ES; RP,SLOW,CONTEXT,True,"GMC 'Using social media as a medical professional' (in force 30 January 2024): professional behaviour, boundaries, confidentiality, honesty, declaring interests, and considering the effect of shared content on health attitudes. GMC 'Achieving good medical practice' expects students to maintain standards outside the medical school and online.","Ethical scenario about a post, a photo, or a group chat.",'I'd just make my account private' | Treating the issue as reputational rather than about patients and colleagues,The 2013 guidance requiring doctors to identify themselves by name online was ARCHIVED in January 2024. Any content asserting that duty is wrong.
D3,Empathy and person-centredness,D3.1,Recognising and responding to emotion,D3.1.1,Naming the emotion,RP,EVERGREEN,NONE,True,"That naming what someone appears to feel, tentatively and checkably, does more than expressing sympathy.",Roleplay; the actor's state changes measurably when the emotion is named.,'That must be hard' as a reflex | Naming the wrong emotion and not checking,Rewarding the phrase rather than the response it produced
D3,Empathy and person-centredness,D3.1,Recognising and responding to emotion,D3.1.2,Validating without false reassurance,RP,EVERGREEN,NONE,True,"That 'I can't promise it'll be fine, but I can tell you what happens next' is stronger than either dismissal or a promise.",Roleplay with an anxious actor who explicitly requests a guarantee.,'Try not to worry' | Guaranteeing an outcome to end the discomfort,A candidate who promises something outside their control has failed the station regardless of warmth
D3,Empathy and person-centredness,D3.1,Recognising and responding to emotion,D3.1.3,Empathy under time pressure,RP,EVERGREEN,NONE,True,"That acknowledging emotion costs seconds, not minutes, and that skipping it to get through the task is the commonest failure in short stations.",A roleplay with TIME set to 2 or 3 and an emotional cue early.,Task completion at the cost of any acknowledgement,Do not design stations that are only passable by abandoning the task — the tension should be real but resolvable
D3,Empathy and person-centredness,D3.2,Perspective and difference,D3.2.1,Perspective-taking under disagreement,RP; ES,EVERGREEN,LAY,True,"That articulating why a person holds a view you think is wrong — vaccine refusal, refusing help, discharging against advice — is the assessed skill, and it is not agreement.","Roleplay with a sceptic, or an ethical scenario.",Restating the correct information louder | Assuming the person is ignorant rather than differently weighted,Confusing respect for autonomy with abandoning the person
D3,Empathy and person-centredness,D3.2,Perspective and difference,D3.2.2,Cultural humility and difference,RP; ES,EVERGREEN,NONE,True,"That difference — language, religion, family structure, disability, sexuality — changes what good care looks like, and that asking is better than assuming.",Roleplay or ethical scenario in a community setting.,Generalising from a group to an individual | Treating an interpreter as optional,"PRODUCT RULE: do not build stations that require a candidate to display knowledge of a specific culture's practices. Assess the asking, not the knowing."
D3,Empathy and person-centredness,D3.2,Perspective and difference,D3.2.3,The impact of illness on a life,DQ; RP,EVERGREEN,LAY,True,"Plymouth scores 'Impact of illness' by name. That illness affects work, income, relationships, identity and independence, and that the medical problem is usually not the biggest problem.",Direct question or roleplay with a carer or a person with a long-term condition.,Answering in terms of symptoms | Treating the patient as the only person affected,"Requiring clinical knowledge of a condition. The station is about consequences, not pathology."
D3,Empathy and person-centredness,D3.2,Perspective and difference,D3.2.4,Boundaries of empathy,RP; FU,EVERGREEN,NONE,True,"That over-identification impairs judgement, that promising to keep in touch or to personally fix something is a boundary error, and that sustainable compassion requires limits.",Roleplay where the actor asks for a personal commitment.,Agreeing to anything to be kind | Cold refusal with no warmth,Scoring warmth without scoring boundaries produces candidates who overpromise
D4,Professionalism and integrity,D4.1,Honesty and probity,D4.1.1,Admitting your own error,RP; ES,EVERGREEN,NONE,True,That disclosure is required even when the error caused no harm and nobody would find out; that the cost of disclosure is the point.,Roleplay in which the candidate has made a mistake and could conceal it.,Disclosing only because they might be found out | Framing the error as someone else's system failure,A candidate who reasons that no harm means no disclosure has produced a red flag
D4,Professionalism and integrity,D4.1,Honesty and probity,D4.1.2,Academic integrity,ES; RP,EVERGREEN,CONTEXT,True,"GMC 'Achieving good medical practice' names plagiarism, cheating and fraud specifically, and applies from day one of medical school.","Ethical scenario about a peer cheating, or about the candidate's own temptation.",Loyalty framed as the overriding value | Reporting immediately with no conversation with the peer first,"The station usually tests the sequence — speak to the person, then escalate — not the eventual outcome"
D4,Professionalism and integrity,D4.1,Honesty and probity,D4.1.3,Honesty in the application itself,AC; FU,SLOW,CONTEXT,True,That exaggerating experience is a probity issue that surfaces under follow-up; that UCAS runs a Verification Team and that AI-generated statements may be treated as fraudulent.,Application challenge with escalating specificity. ONLY for schools that question on the application.,Vagueness under specific questioning | Retreating from a claim without acknowledging it,UCAS publishes NO numerical similarity threshold. Do not repeat the '10% similarity' figure — it is not in UCAS guidance.
D4,Professionalism and integrity,D4.2,Candour when things go wrong,D4.2.1,The professional duty of candour,ES; RP,SLOW,CONTEXT,True,"The four obligations: tell the person, apologise, offer an appropriate remedy or support, and explain fully the short and long term effects.",Ethical scenario or roleplay after an error.,Naming 'duty of candour' without doing any of the four things,ANTI-BUZZWORD: naming the duty scores nothing. Performing its four elements scores.
D4,Professionalism and integrity,D4.2,Candour when things go wrong,D4.2.2,Professional versus statutory candour,FU; ES,SLOW,CONTEXT,"conditional — reward, do not require","The professional duty (GMC, owed to every patient, triggered by anything going wrong) is distinct from the statutory duty on organisations (CQC Regulation 20, triggered only by defined notifiable safety incidents).",Follow-up probe after a candour answer.,Conflating the two,"Coaching material routinely conflates them. Do not require this distinction from a 17-year-old, but reward it and never penalise its absence."
D4,Professionalism and integrity,D4.3,Professional boundaries,D4.3.1,Gifts and personal contact,RP; ES,EVERGREEN,NONE,True,"That small tokens of thanks differ from gifts that create obligation, and that giving personal contact details to a service user is a boundary error whatever the motive.",Roleplay in a care home or volunteering setting.,Refusing bluntly and causing offence | Accepting to avoid awkwardness,Kindness as a justification for a boundary breach is the trap the station is built around
D4,Professionalism and integrity,D4.3,Professional boundaries,D4.3.2,Dual relationships,ES,EVERGREEN,NONE,True,"That knowing someone personally in a care setting changes what you can appropriately do, and that the answer is usually to declare it and hand over.",Ethical scenario in a small-community setting.,Not recognising the conflict at all,Assuming that declaring it is sufficient without changing behaviour
D4,Professionalism and integrity,D4.4,Concerns about others,D4.4.1,Raising a concern without proof,ES; RP; FU,SLOW,CONTEXT,True,"GMC 'Raising and acting on concerns', para 10: you are justified in raising a concern honestly, on the basis of reasonable belief and through appropriate channels, EVEN IF YOU ARE MISTAKEN. You do not need proof.",Ethical scenario where the candidate is uncertain.,'I'd wait until I was sure' | Gathering evidence themselves,This single principle unlocks the largest family of MMI stations. Applicants systematically under-report because they feel uncertain. Make it a first-class teaching point.
D4,Professionalism and integrity,D4.4,Concerns about others,D4.4.2,Concern about a peer,RP; ES,EVERGREEN,NONE,True,"That the usual first step is a direct, private, non-accusatory conversation, and that escalation follows if it does not resolve or if there is risk.",Roleplay with a peer actor — QUB's Station 1 is exactly this.,Straight to authority with no conversation | Conversation and then no follow-through,"Where there is immediate risk, the direct-conversation-first rule does not apply. Build both variants."
D4,Professionalism and integrity,D4.4,Concerns about others,D4.4.3,Concern about someone more senior,ES; RP; FU,EVERGREEN,CONTEXT,True,That hierarchy does not remove the duty; that the mechanism is the same but the personal cost is higher; and that named routes exist above the individual.,Ethical scenario or roleplay with a senior actor.,"'I'm only a volunteer, it's not my place' | Assuming someone else will have noticed",Applicants overweight hierarchy. Follow-up should test whether the answer survives 'they're much more experienced than you'.
D4,Professionalism and integrity,D4.4,Concerns about others,D4.4.4,The escalation ladder,FU; ES,SLOW,CONTEXT,True,"Local first — the person, then the supervisor or an appropriate officer; regulator later, if the responsible person is part of the problem or local action was inadequate. Record what you did.",Follow-up probe: 'You told your supervisor. Two weeks later nothing has changed. Now what?',A single step with no next step | Naming a regulator as the first action,"The commonest scoring error in AI feedback: accepting 'I'd tell someone senior' as complete. Ask WHO, and ask WHAT IF NOTHING HAPPENS."
D4,Professionalism and integrity,D4.5,Working within competence,D4.5.1,Recognising the limit,RP; FU,EVERGREEN,NONE,True,"Aston publishes 'Knowing your limitations and knowing when to ask for help' as an assessed attribute. That an applicant's competence limit is very low, and that recognising it is the assessed behaviour.",Roleplay with OVERC set high — an actor who requests clinical advice.,Offering a general opinion 'just to be helpful' | Refusing so bluntly that the person is abandoned,Any clinical advice from an applicant is a red flag. Declining warmly AND redirecting to a named person is the top-band behaviour.
D4,Professionalism and integrity,D4.5,Working within competence,D4.5.2,Saying 'I don't know',FU,EVERGREEN,NONE,True,"That 'I don't know, and here's how I'd find out' is a strong answer, and that inventing an answer under challenge is a serious failure.",Hostile follow-up on a factual point the candidate cannot know.,Bluffing | Freezing,Our interviewer must NEVER penalise a genuine 'I don't know' that is followed by a method. Score the method.
D4,Professionalism and integrity,D4.5,Working within competence,D4.5.3,Seeking help appropriately,PR; RP,EVERGREEN,NONE,True,"Who, when, how urgently, and what to do while waiting.",Prioritisation or roleplay station.,'I'd get help' with no named person and no interim action,"Reward specificity of the named role, not the word 'escalate'"
D5,Ethical and legal reasoning,D5.1,Autonomy and consent,D5.1.1,Consent as dialogue,ES; FU,SLOW,CONTEXT,True,"GMC 'Decision making and consent' (2020, updated 3 August 2026) is a dialogue model: an ongoing exchange, finding out what matters to this patient, sharing benefits and harms of options AND reasonable alternatives INCLUDING TAKING NO ACTION.",Ethical scenario or a follow-up to a consent answer.,"'Consent must be voluntary, informed, and the patient must have capacity' — this is the pre-2020 model | Treating consent as a signature or an event",Principle 4 (what matters to the patient; reasonable alternatives including no action) is the element candidates most often miss and interviewers most reward. Build feedback around it.
D5,Ethical and legal reasoning,D5.1,Autonomy and consent,D5.1.2,Refusal of treatment,ES; RP,SLOW,CONTEXT,True,"That a capacitous adult may refuse treatment for any reason or none, including where refusal will cause their death; and that the professional response is to understand why, not to overturn.",Ethical scenario with ETHUNC high.,Looking for a way around the refusal | Assuming refusal implies incapacity,Assuming a refusal triggers a capacity assessment is the classic error — the unwise-decision principle exists precisely to prevent it
D5,Ethical and legal reasoning,D5.1,Autonomy and consent,D5.1.3,Consent outside clinical settings,ES; RP,EVERGREEN,NONE,True,"That consent applies to photographs, social media, research participation and personal information in a volunteering setting, and that a 17-year-old will meet these before they meet clinical consent.","Ethical scenario in a school, care home or club setting.",Assuming consent is only a hospital concept,This is the most realistic consent station for a pre-medical applicant and is almost absent from commercial banks
D5,Ethical and legal reasoning,D5.2,Capacity,D5.2.1,The five principles of the Mental Capacity Act 2005,ES; FU,SLOW,CONTEXT,"conditional — reward, do not require",s.1(2)-(6) verbatim: assume capacity; take all practicable steps to help; an unwise decision is not incapacity; act in best interests; choose the least restrictive option.,"Ethical scenario, with follow-up pressure on the unwise-decision principle.",Listing the five and not applying any,ANTI-BUZZWORD: naming the Act scores nothing. Applying the unwise-decision principle under pressure scores.
D5,Ethical and legal reasoning,D5.2,Capacity,D5.2.2,The two-stage test,FU; ES,SLOW,CONTEXT,"conditional — reward, do not require","Stage 1 (s.2(1)): an impairment of, or disturbance in the functioning of, the mind or brain. Stage 2 (s.3(1)): unable to understand, retain, use or weigh, or communicate. The impairment must be the REASON the functional test fails.",Follow-up interrogation of a capacity answer.,Applying the functional test with no impairment identified | Reversing the order,Do not require this of an applicant. Reward it where offered and never penalise its absence — a candidate reasoning well without the statutory vocabulary should score as highly.
D5,Ethical and legal reasoning,D5.2,Capacity,D5.2.3,Capacity is decision- and time-specific,ES; RP,SLOW,CONTEXT,True,"That 'he lacks capacity' is never a status; capacity is assessed for a specific decision at a specific time, and may fluctuate.",Ethical scenario with a fluctuating presentation.,Global statements about a person's capacity,The commonest ethics error in circulating coaching material after the Fraser/Gillick confusion
D5,Ethical and legal reasoning,D5.2,Capacity,D5.2.4,Best interests versus overall benefit,FU,SLOW,CONTEXT,conditional — stretch only,That the MCA uses 'best interests' and the GMC's consent guidance uses 'overall benefit' — different vocabularies over overlapping ground.,Follow-up only.,Mixing the terms mid-answer and sounding unsure,Do not penalise. This is a stretch-band discriminator only.
D5,Ethical and legal reasoning,D5.3,Children and young people,D5.3.1,Gillick competence,ES; RP,SLOW,CONTEXT,True,"The test of whether a child under 16 has sufficient understanding and maturity to consent for themselves. Lord Scarman: 'it is not enough that she should understand the nature of the advice which is being given: she must also have a sufficient maturity to understand what is involved.' It applies broadly, not only to contraception, and is decision-specific.",Ethical scenario involving a young person.,Treating it as a permanent status | Assuming it applies only to contraception,Gillick is a test of the CHILD. Confusing it with Fraser is the single most common ethics error in coaching material.
D5,Ethical and legal reasoning,D5.3,Children and young people,D5.3.2,Fraser guidelines,ES; FU,SLOW,CONTEXT,"conditional — reward, do not require",The criteria for providing contraceptive and sexual-health advice or treatment to an under-16 without parental consent: cannot be persuaded to inform parents; understands the advice; health likely to suffer without it; in their best interests; likely to continue having sex either way.,"Ethical scenario, or a follow-up correcting a Gillick/Fraser conflation.",Using 'Fraser' as the name for the competence test,"Fraser is a test of the DECISION, and applies narrowly to contraception, STI treatment and termination. Our feedback must correct this conflation explicitly, because it is the error applicants are most often taught."
D5,Ethical and legal reasoning,D5.3,Children and young people,D5.3.3,Adolescent confidentiality,RP; ES,SLOW,CONTEXT,True,"That a young person is owed confidentiality, that this is not absolute, and that safeguarding overrides — a child protection assessment is required and concerns must be reported irrespective of the young person's wishes.","Roleplay with a young person disclosing something, with SAFEG variable set.",Promising confidentiality before hearing the disclosure | Breaking confidence without explaining why or telling the person,An applicant who reaches for Gillick without reaching for safeguarding has half-answered the station.
D5,Ethical and legal reasoning,D5.3,Children and young people,D5.3.4,Parental disagreement,RP; ES,SLOW,LAY,True,"That parents may disagree with each other or with the young person, and that the young person's own view carries weight proportionate to their understanding.",Roleplay with a parent actor.,Defaulting to the parent because they are the adult,"Do not build stations requiring the applicant to adjudicate a clinical treatment dispute. Frame as a school, club or activity decision."
D5,Ethical and legal reasoning,D5.4,Confidentiality,D5.4.1,The default and why it exists,DQ; ES,EVERGREEN,CONTEXT,True,"That confidentiality exists so people seek help honestly; its justification is consequentialist and institutional, not merely a rule.",Direct question or the opening of an ethical scenario.,Stating the rule without the reason,A candidate who cannot say why confidentiality matters will apply the exceptions badly
D5,Ethical and legal reasoning,D5.4,Confidentiality,D5.4.2,Disclosure to protect another person,ES; FU,SLOW,CONTEXT,True,"GMC para 64: disclosure may be justified in the public interest if failure to disclose may expose others to a risk of death or serious harm, and the benefits must OUTWEIGH the patient's and the public interest in confidentiality. Para 68 sets six balancing factors. Seek consent first where practicable; tell the patient about the disclosure.",Ethical scenario with ETHUNC and CONFL high.,'Confidentiality can be broken if someone is at risk' with no balancing step | Treating 'public interest' as meaning 'the police asked',"The threshold is death or serious harm to OTHERS, and the test is a balance, not a trump card. Feedback must probe the balancing step, not accept the conclusion."
D5,Ethical and legal reasoning,D5.4,Confidentiality,D5.4.3,Disclosure required by law,FU; ES,SLOW,CONTEXT,"conditional — reward, do not require","GMC para 87: you must disclose if required by law. Notifiable diseases are reported on SUSPICION — 'do not wait for laboratory confirmation' — urgent cases by phone within 24 hours, all cases online within 3 days.",Follow-up distinguishing statutory duty from public-interest discretion.,Treating a statutory duty as requiring a balancing exercise,"HIV IS NOT NOTIFIABLE — a frequent interview trap and a frequent coaching error. The notifiable list changed in April 2025 (adding MERS, zoonotic influenza, CHICKENPOX, congenital syphilis, neonatal herpes, acute flaccid paralysis/myelitis, disseminated gonococcal infection and CJD) and again in May 2026 (hantavirus). Any list predating April 2025 is wrong."
D5,Ethical and legal reasoning,D5.4,Confidentiality,D5.4.4,Fitness to drive and the DVLA,ES; RP; FU,SLOW,CONTEXT,True,"The DVLA decides medical fitness to drive. THE DRIVER is legally responsible for telling them. The doctor explains that duty, makes every reasonable effort to persuade them to stop, assesses whether refusal exposes others to death or serious harm, and only then may disclose — telling the patient beforehand where possible and in writing afterwards, with a record.",Ethical scenario; the classic UK MMI confidentiality station.,Jumping from 'they won't stop driving' straight to 'I'd call the DVLA',"'The doctor must report the patient to the DVLA' is WRONG and is widely taught. The full ladder — explain, persuade, assess risk, warn, disclose, confirm in writing — is what scores."
D5,Ethical and legal reasoning,D5.4,Confidentiality,D5.4.5,Family requests for information,RP,EVERGREEN,LAY,True,That relatives have no automatic entitlement; that the patient's wishes govern; and that you can listen to a relative without disclosing anything.,Roleplay with a relative actor pressing for information.,Disclosing because the person is distressed and it feels kind | Refusing so bluntly that the relative is left with nothing,"The high-scoring move is offering what CAN be given — presence, general process information, a route to the right person — while withholding what cannot"
D5,Ethical and legal reasoning,D5.4,Confidentiality,D5.4.6,Confidentiality in everyday and digital settings,ES; FU,EVERGREEN,NONE,True,"That lifts, corridors, group chats, social media and anonymised-but-identifiable anecdotes are where confidentiality is actually breached; that a story with enough detail to identify someone is a breach even without a name.","Ethical scenario, or observed directly in the candidate's own work-experience answers.",Treating confidentiality as a records issue,"SCORING OPPORTUNITY: if a candidate gives identifiable patient detail while answering a work-experience question, that is itself a red flag and our transcript analysis can detect it."
D5,Ethical and legal reasoning,D5.4,Confidentiality,D5.4.7,A friend's disclosure,RP,EVERGREEN,NONE,True,"That the same reasoning applies outside professional settings, and that a promise of secrecy made before hearing a disclosure is the error.",Roleplay with a peer actor in a school setting.,'I promise I won't tell anyone',"The most realistic confidentiality station for a 17-year-old, and the one most under-built in commercial banks"
D5,Ethical and legal reasoning,D5.5,Safeguarding,D5.5.1,Recognising a concern,RP; ES,SLOW,NONE,True,"That a concern is a threshold far below certainty, and that noticing is not diagnosing.",Roleplay or ethical scenario with SAFEG set and HIDDEN information.,Waiting for certainty | Explaining the observation away,Do not build stations requiring an applicant to recognise clinical signs of abuse. Build behavioural and disclosure-based cues.
D5,Ethical and legal reasoning,D5.5,Safeguarding,D5.5.2,Escalating from a non-clinical role,RP; ES; FU,SLOW,CONTEXT,True,"In a school: the Designated Safeguarding Lead or a deputy, immediately, following the setting's own procedures (Keeping Children Safe in Education; the 2026 edition came into force 1 September 2026 and governs this entire interview season). In a care home: the shift lead or manager and the organisational safeguarding lead, with escalation to the local authority adult safeguarding team under the Care Act 2014 and to the CQC.","Roleplay or ethical scenario in VOL, SCHOOL or CARE context.",'I'd tell someone senior' with no named role | Assuming someone else has acted,DO NOT teach a clinician's escalation path to an applicant in a volunteer role. An applicant reaching for GMC guidance to answer a question about their Saturday job has misread the station — and our feedback must not reward that.
D5,Ethical and legal reasoning,D5.5,Safeguarding,D5.5.3,What a volunteer must not do,FU; ES,SLOW,NONE,True,"Do not investigate. Do not question the child or the alleged perpetrator. Do not promise confidentiality. Do not contact a parent. Do record what was seen or heard, in the person's own words, promptly.",Follow-up after a safeguarding answer.,Gathering evidence to be sure before reporting,Investigating is the commonest well-intentioned red flag in this domain
D5,Ethical and legal reasoning,D5.5,Safeguarding,D5.5.4,Adults at risk,ES; RP,SLOW,CONTEXT,True,That safeguarding is not only about children; that adults at risk include people with care and support needs who cannot protect themselves; and that capacity does not remove the concern.,Ethical scenario in a care home setting.,Assuming a capacitous adult's refusal ends the matter,"Balancing autonomy against protection is genuinely hard and should be scored as tension-mapping, not as reaching a fixed answer"
D5,Ethical and legal reasoning,D5.6,Beginning and end of life,D5.6.1,End-of-life decision-making,ES; PD,SLOW,CONTEXT,True,"GMC: patients are 'approaching the end of life' when likely to die within the next 12 months. Decisions must not be motivated by a desire to bring about death and start from a presumption in favour of prolonging life, but there is no absolute obligation to prolong life irrespective of the consequences for the patient. Decisions turn on overall benefit, weighing benefits against burdens and risks.","Ethical scenario, discussed abstractly.",Framing withdrawal of treatment as 'giving up',Do not require clinical judgement about a specific case. Assess whether the candidate can hold prolonging life and avoiding burdensome treatment in tension.
D5,Ethical and legal reasoning,D5.6,Beginning and end of life,D5.6.2,DNACPR and its misconceptions,ES; RP,SLOW,CONTEXT,True,"That a DNACPR decision concerns CPR only and not other treatment, and that the widespread belief it means 'withdrawing care' is wrong.",Ethical scenario or a roleplay with a relative holding the misconception.,Reproducing the misconception,Do not require the applicant to explain the legal position on who decides. Assess the correction of the misconception and the handling of the relative's fear.
D5,Ethical and legal reasoning,D5.6,Beginning and end of life,D5.6.3,Assisted dying,PD; ES,FAST,CONTEXT,True,"The legal position, which is genuinely divergent across jurisdictions and moving during this cycle. As at 29 August 2026: the previous Terminally Ill Adults (End of Life) Bill ran out of time in the Lords before the session ended in May 2026 and did NOT become law. A new bill (Lauren Edwards MP) was introduced on 17 June 2026 with Second Reading scheduled for 11 September 2026. Scotland's bill FELL at Stage 3 on 17 March 2026 (69 against, 57 for). The Isle of Man passed its Assisted Dying Bill in March 2025; Jersey approved its law on 26 February 2026, expected in effect 2027.",Policy discussion with a requirement to argue both sides.,Asserting it is or is not legal without saying where | Arguing one side only | Citing the Leadbeater bill as current,"FASTEST-MOVING TOPIC IN THE BANK. A Second Reading falls on 11 September 2026, before the interview season. HARD EXPIRY: 2026-09-12. This topic must be re-verified within days of that vote or withheld."
D5,Ethical and legal reasoning,D5.6,Beginning and end of life,D5.6.4,Conscientious objection,ES; PD,SLOW,CONTEXT,True,"That a doctor may object to providing certain treatments, must not obstruct access, and must ensure the patient can see someone else. GMC's 0-18 guidance includes a section on conscientious objection to sexual-health services for under-16s.",Ethical scenario.,Assuming objection permits refusal to refer | Assuming objection is never permissible,Frame neutrally. Do not build stations that require the candidate to state a personal position on abortion.
D5,Ethical and legal reasoning,D5.7,Justice and resource allocation,D5.7.1,Opportunity cost,PD; PR,EVERGREEN,CONTEXT,True,"That funding one thing means not funding another, and that the unfunded alternative has a face too.",Policy discussion or a prioritisation exercise.,'The NHS should fund it because it saves lives' with no counterfactual,A candidate who cannot name what is displaced has not engaged with the question
D5,Ethical and legal reasoning,D5.7,Justice and resource allocation,D5.7.2,"QALYs, NICE and their critics",PD,SLOW,CONTEXT,True,"Roughly what a QALY is, that NICE uses cost-per-QALY thresholds, and the standard objections — that QALYs may undervalue life with disability, discount the very old, and struggle with rare conditions.",Policy discussion.,Explaining the mechanism with no critique | Rejecting the mechanism with no alternative,Do not require a numerical threshold. Assess whether the candidate can state the strongest objection.
D5,Ethical and legal reasoning,D5.7,Justice and resource allocation,D5.7.3,Lifestyle and desert-based arguments,PD; FU,EVERGREEN,CONTEXT,True,"The argument that patients whose conditions are behaviour-related should be deprioritised, and the strongest objections: the causal claim is weak, deprivation drives behaviour, the principle is not applied consistently, and it imports moral judgement into clinical decisions.",Policy discussion with hostile follow-up.,Dismissing the argument as obviously wrong without engaging it | Accepting it without seeing the deprivation link,Interviewers commonly argue the unfashionable side to test whether the candidate can hold their ground. Our interviewer should do the same — see Output 7.
D5,Ethical and legal reasoning,D5.7,Justice and resource allocation,D5.7.4,The individual doctor versus the population,ES; FU,SLOW,CONTEXT,True,"That a doctor owes a duty to the patient in front of them and, per GMP 2024 Domain 1, to manage resources effectively and sustainably — and that these conflict.","Ethical scenario, or the follow-up to a resource question.",Collapsing to one side without noticing the other,'Managing resources effectively and sustainably' is NEW in GMP 2024. Content written against the 2013 domains will miss it.
D5,Ethical and legal reasoning,D5.8,Frameworks and their limits,D5.8.1,The four principles and their tensions,ES; FU,EVERGREEN,CONTEXT,True,"Autonomy, beneficence, non-maleficence, justice — and that the framework provides NO ranking and no method for resolving conflicts between them, which is exactly when ethical difficulty arises. Gillon's own defence quotes and answers the criticism that principlism is 'a useful checklist approach to bioethics for those new to the field'.",Any ethical scenario. The discriminating move is naming WHICH TWO are in tension here and what would have to be true for one to give way.,Naming all four and applying none | Concluding 'autonomy wins' with no argument,SCORING RULE: naming the four principles scores ZERO. This is the single most important anti-buzzword decision in the product. See Output 8.
D5,Ethical and legal reasoning,D5.8,Frameworks and their limits,D5.8.2,Scope and cultural criticisms,FU,EVERGREEN,CONTEXT,conditional — stretch only,"That the principles do not tell you TO WHOM they are owed — the scope question that actually decides debates about abortion, animal research and resource allocation; and the charge that respect for autonomy encodes a particular liberal individualism.",Hostile follow-up in a stretch-band ethics station.,Not recognising that scope is a separate question,Stretch-band only. Never required.
D5,Ethical and legal reasoning,D5.8,Frameworks and their limits,D5.8.3,Consequences versus duties,FU; PD,EVERGREEN,NONE,True,"That some arguments turn on outcomes and others on what is owed regardless of outcome, and that naming which kind of argument is being made clarifies a disagreement.",Policy discussion follow-up.,Switching between the two mid-argument without noticing,"Do not require philosophical vocabulary. Reward the move, not the label."
D5,Ethical and legal reasoning,D5.8,Frameworks and their limits,D5.8.4,Why no scenario has one right answer,FU,EVERGREEN,NONE,True,"City St George's publishes: 'Often there is no right or wrong answer - the interviewers are assessing your ability to express your thinking.' That the assessment is the reasoning path, the considerations named, and the willingness to say what would change the answer.",Meta — governs feedback design across the whole domain.,Searching for the answer the interviewer wants,PRODUCT RULE: our feedback must never say 'the correct answer was X' for an ethical scenario. It may say which considerations went unaddressed.
D5,Ethical and legal reasoning,D5.9,Conflicts of interest,D5.9.1,Recognising and declaring a conflict,ES,SLOW,CONTEXT,True,"GMP 2024 Domain 4 includes managing conflicts of interest. That the test is whether a reasonable person would think judgement could be affected, not whether it actually was.","Ethical scenario involving industry funding, a family connection, or a personal benefit.","'It wouldn't affect my judgement, so there's no conflict'",Declaring is necessary but not always sufficient — probe what changes after the declaration
D6,"Teamwork, leadership and conflict",D6.1,Contribution and followership,D6.1.1,Contributing without dominating,GT; PE,EVERGREEN,NONE,True,"That the assessed behaviour in a group task is bringing others in, building on contributions and tracking the task — not talking most.",Group task with a simulated dominator and a simulated silent participant.,Volume as a proxy for contribution | Agreeing with everything to appear collaborative,HYMS scores the group exercise at 22 of 90 points and it is facilitated by PBL tutors plus an observing medical student. Volume is visibly not the metric.
D6,"Teamwork, leadership and conflict",D6.1,Contribution and followership,D6.1.2,Good followership,PE; FU,EVERGREEN,NONE,True,"That supporting a decision you argued against, and doing an unglamorous part well, is assessed leadership behaviour under a different name. Aston publishes 'Being able to lead as well as follow'.",Personal-example question with follow-up.,Every teamwork example being one where the candidate led,A bank whose teamwork questions all invite leadership stories trains a distorted answer set. Build followership prompts deliberately.
D6,"Teamwork, leadership and conflict",D6.2,Leadership,D6.2.1,Leadership behaviours,PE; GT,SLOW,CONTEXT,True,"GMP 2024 Domain 3 includes 'Demonstrating leadership behaviours' and 'Contributing to a positive working and training environment' — both NEW in 2024. Leadership is a behaviour available to anyone, not a position.",Personal example or group task.,Equating leadership with a title | Describing directing rather than enabling,Content mapped to the 2013 GMP domains misses these entirely
D6,"Teamwork, leadership and conflict",D6.2,Leadership,D6.2.2,Delegation and handover,PE; IT,EVERGREEN,NONE,True,"That delegating means matching task to capability, being explicit, and retaining responsibility for the outcome; the applicant's version is a shift handover, a rota, or a group project split.",Personal example or instruction task.,Delegating and then not checking | Doing everything to be safe,Do not build clinical delegation stations. Use non-clinical analogues.
D6,"Teamwork, leadership and conflict",D6.3,Conflict,D6.3.1,Conflict with a peer,RP; PE,EVERGREEN,NONE,True,"That the sequence is private, specific, behaviour-focused and curious about the cause before it is corrective; and that most peer conflict has a cause the candidate does not yet know.",Roleplay with a peer actor holding hidden information. QUB's Station 1 is an actor playing a fellow student.,Going to authority first | Confronting publicly | Assuming laziness where there is a hidden difficulty,HIDDEN information is what makes this station discriminating. A static version tests nothing.
D6,"Teamwork, leadership and conflict",D6.3,Conflict,D6.3.2,Challenging upwards,RP; ES,EVERGREEN,NONE,True,"That challenge can be respectful and specific — asking rather than accusing, describing the observation, checking one's own understanding first — and that not challenging is a choice with consequences.",Roleplay with a senior actor and CHALL set to 2 or 3.,Deferring entirely | Challenging so aggressively the relationship breaks,Interviewers will push back with 'they're far more experienced than you'. Score whether the position survives.
D6,"Teamwork, leadership and conflict",D6.3,Conflict,D6.3.3,The underperforming teammate,RP; PE,EVERGREEN,NONE,True,"That the useful first question is what is going on for them, and that a group deadline does not remove that.","Roleplay with hidden information — the teammate is a young carer, or is unwell, or has misunderstood the task.",Redistributing the work silently and resenting it | Escalating without asking,Never require the candidate to diagnose the hidden cause. Reward creating the conditions for disclosure.
D6,"Teamwork, leadership and conflict",D6.3,Conflict,D6.3.4,Discriminatory or unprofessional remarks,RP; ES,SLOW,CONTEXT,True,"GMP 2024 Domain 3 requires treating colleagues with kindness, courtesy and respect and contributing to a positive environment — the paragraphs behind its civility and anti-bullying provisions. That silence is a position, and that challenge can be proportionate and in the moment.",Roleplay in which a peer or senior makes a remark.,Saying nothing and reporting later with no in-the-moment response | A response that is only about how it made the candidate feel,"Do not script the remark so extreme that only one response is possible. The discriminating version is mild, ambiguous, and from someone senior."
D6,"Teamwork, leadership and conflict",D6.3,Conflict,D6.3.5,Respect across professional roles,RP; ES,FAST,CONTEXT,True,"That nurses, pharmacists, physiotherapists, paramedics and physician associates hold expertise doctors do not, and that disagreement across roles is resolved by evidence and patient interest, not seniority.",Roleplay with an HCP actor who disagrees.,Assuming the doctor's view prevails | Deferring without engaging,"Live topic: the Leng Review (16 July 2025) recommended renaming physician associates to 'physician assistants', restricting them from seeing undifferentiated patients outside defined protocols, requiring 2+ years secondary care before primary care, and named doctor supervisors. GMC registration for PAs began 13 December 2024 with transition ending 13 December 2026. A candidate raising the PA debate should be met with balanced follow-up, not a position."
D7,"Resilience, self-management and wellbeing",D7.1,Pressure and coping,D7.1.1,Sources of pressure in medicine,DQ,SLOW,CONTEXT,True,"Workload, uncertainty, moral distress, responsibility, exams alongside full-time work, and — currently — pay disputes, training bottlenecks and system reorganisation.",Direct question.,Naming only exams | Treating pressure as purely individual,Content should not imply that pressure is a personal failing to be overcome
D7,"Resilience, self-management and wellbeing",D7.1,Pressure and coping,D7.1.2,Coping strategies that are actually healthy,PE; FU,EVERGREEN,NONE,True,"That specific, evidenced, personally-used strategies beat a list; that social connection, sleep, boundaries, supervision and debriefing are the substantive ones.",Personal example with follow-up asking when the strategy last failed.,A generic list with no instance | 'I go to the gym' as the entire answer,"PRODUCT RULE: never suggest or reward coping strategies involving physical discomfort, pain or sensory shock. Never reward highly negative self-talk framed as high standards."
D7,"Resilience, self-management and wellbeing",D7.1,Pressure and coping,D7.1.3,Help-seeking and stigma,DQ; RP,EVERGREEN,NONE,True,That doctors are poor at seeking help; that the MSC lists 'insight into your own health' as a core attribute; and that knowing where to go is part of professionalism.,Direct question or roleplay with a struggling peer.,'I'd deal with it myself' | Advising a peer to seek help without offering to do anything,Never ask a candidate to disclose their own mental or physical health. Frame every prompt around a hypothetical peer or a general practice.
D7,"Resilience, self-management and wellbeing",D7.1,Pressure and coping,D7.1.4,Work-life boundaries,DQ; FU,EVERGREEN,NONE,True,"That sustainability is a professional obligation rather than a personal indulgence, and that a doctor who does not stop becomes unsafe.",Direct question or follow-up.,Framing total availability as commitment,A rubric that rewards sacrifice language produces exactly the wrong candidate
D7,"Resilience, self-management and wellbeing",D7.2,Self-awareness,D7.2.1,Strengths with evidence,DQ; FU,EVERGREEN,NONE,True,"That a claimed strength needs an instance, and that the instance is what is scored.",Direct question with an immediate 'give me an example' follow-up.,Adjective lists | An example that does not evidence the claimed strength,Our follow-up must be automatic: any unsupported trait claim triggers an evidence probe.
D7,"Resilience, self-management and wellbeing",D7.2,Self-awareness,D7.2.2,Weaknesses without evasion,DQ; FU,EVERGREEN,NONE,True,"That a real weakness, its consequence, and the specific thing being done about it is the structure; and that a disguised strength is transparent.",Direct question with hostile follow-up.,'I'm a perfectionist' | 'I care too much' | A weakness with no consequence named,Do not reward disclosure of a weakness so serious it raises a fitness question. The band is honest and manageable.
D7,"Resilience, self-management and wellbeing",D7.2,Self-awareness,D7.2.3,Calibration of confidence,FU,EVERGREEN,NONE,True,"That being appropriately uncertain is a scored competence, and that overclaiming under challenge is worse than not knowing.",Hostile follow-up on a claim.,Doubling down when challenged | Collapsing entirely at the first push,Distinguish revising for a reason (good) from capitulating to pressure alone (bad). See Output 7.
D8,Judgement under pressure,D8.1,Prioritisation,D8.1.1,Ordering competing demands,PR; FU,EVERGREEN,NONE,True,"That the criterion — risk of harm, reversibility, dependency of other tasks, who else can do it — must be stated, and that the ordering follows from it.",Prioritisation exercise in a non-clinical setting with TIME high.,An order with no stated criterion | Refusing to commit to an order,SCORING RULE: the order is not the assessment. Two defensible orders can both score top band. Score the criterion and the defence.
D8,Judgement under pressure,D8.1,Prioritisation,D8.1.2,Deciding what to drop,PR; FU,EVERGREEN,NONE,True,"That when everything cannot be done, saying so and saying who needs to know is the answer; and that pretending it all fits is the failure.",Prioritisation with TIME set to 3 — genuinely impossible.,Claiming to do everything faster | Not telling anyone that something will not happen,Design at least some prioritisation stations to be genuinely impossible. Most banks make them merely hard.
D8,Judgement under pressure,D8.1,Prioritisation,D8.1.3,Revising a plan when new information arrives,PR; FU,EVERGREEN,NONE,True,"That changing the order when a fact changes is strength, not inconsistency.",Prioritisation station where a fact is introduced mid-station.,Defending the original order out of consistency,This is an interactive-only behaviour and cannot be assessed from a static bank
D8,Judgement under pressure,D8.2,Uncertainty,D8.2.1,Deciding with incomplete information,ES; PR; FU,EVERGREEN,NONE,True,"That naming what you do not know, what you would do to find out, and what you would do in the meantime is the complete answer.",Any scenario with INCOMP set high.,Assuming missing facts and proceeding | Refusing to act at all,HYMS names 'tolerance of ambiguity' as an assessed personal quality; Cambridge names 'dealing with uncertainty' via the MSC attributes.
D8,Judgement under pressure,D8.2,Uncertainty,D8.2.2,Resisting a misleading frame,ES; DI; FU,EVERGREEN,NONE,True,"That the way a question is put may embed a false assumption, and that saying so respectfully is a scored behaviour.",Any station with MISLEAD set high.,Accepting the frame and answering within it,Our interviewer must not penalise a candidate who correctly rejects a premise we planted
D8,Judgement under pressure,D8.3,Risk and safety,D8.3.1,Speaking up about a hazard,RP; ES,SLOW,CONTEXT,True,"That the threshold is low, the cost of a false alarm is small, and the mechanism is immediate and local.",Roleplay or ethical scenario in a workplace or volunteering setting.,Weighing social awkwardness against risk and choosing awkwardness,GMP 2024 moved safety into Domain 3 alongside colleagues and culture — content mapped to 2013 domains will file this wrongly
D8,Judgement under pressure,D8.3,Risk and safety,D8.3.2,Near misses and error reporting,ES; FU,FAST,CONTEXT,True,"That reporting things that nearly went wrong is how systems improve, and that a culture which punishes reporting produces less safety, not more.",Ethical scenario after a near miss with no harm.,"'No harm, no need to report'","Directly relevant to the maternity investigations of 2026 — the National Maternity and Neonatal Investigation reported on 30 June 2026 that the system 'is no longer fit to consistently deliver high-quality, compassionate care', and the Ockenden report into Nottingham University Hospitals reported 24 June 2026. Treat as FAST-moving context."
D8,Judgement under pressure,D8.3,Risk and safety,D8.3.3,Systems versus individual blame,ES; FU,SLOW,CONTEXT,True,"That most errors have systemic contributors, that asking what allowed this is more useful than asking who did it, and that this does not remove individual accountability.",Ethical scenario or follow-up.,Blaming the individual entirely | Using 'it's a systems issue' to avoid any accountability,Both collapses are failures. Score whether both are held.
D8,Judgement under pressure,D8.3,Risk and safety,D8.3.4,Helping in an emergency within competence,RP,EVERGREEN,LAY,True,"That the applicant's realistic actions are calling for help, basic first aid if trained, keeping the person safe, and not attempting anything beyond training. GMP 2024 Domain 2 includes 'Helping in emergencies'.",Roleplay in a community setting with OVERC high.,Attempting clinical intervention | Doing nothing because 'I'm not qualified',The station tests the middle path. Both extremes fail.
D9,"Health systems, policy and society",D9.1,NHS structure and principles,D9.1.1,NHS Constitution values,ES; RP; FU,SLOW,CONTEXT,True,"The six values — working together for patients; respect and dignity; commitment to quality of care; compassion; improving lives; everyone counts. UCL, HYMS, Southampton and Imperial all reference them explicitly.",Never as a recall question. Only as applied reasoning inside another station.,Listing the values | Attaching a value name to an action as a label,ANTI-BUZZWORD: naming an NHS value scores ZERO. Demonstrating the behaviour scores. This is an explicit brief requirement and a scoring rule.
D9,"Health systems, policy and society",D9.1,NHS structure and principles,D9.1.2,Funding and its consequences,PD,SLOW,CONTEXT,True,"General taxation, free at the point of use, finite budget; and that this makes rationing explicit rather than optional.",Policy discussion.,'The NHS is free' with no acknowledgement of cost,Avoid precise budget figures in evergreen content — put them in the current-affairs layer with dates
D9,"Health systems, policy and society",D9.1,NHS structure and principles,D9.1.3,"Primary, secondary and community care",DQ; PD,SLOW,CONTEXT,True,"The gatekeeper role of general practice, what secondary and tertiary care are, and the current policy direction of moving care from hospital to community.",Direct question or policy discussion.,Describing the NHS as hospitals,"The 10 Year Health Plan's three shifts — hospital to community, analogue to digital, treatment to prevention — are the current organising frame and are worth knowing by name"
D9,"Health systems, policy and society",D9.1,NHS structure and principles,D9.1.4,"Four nations, four systems",FU; PD,SLOW,CONTEXT,True,"That health is devolved and that England, Scotland, Wales and Northern Ireland differ materially in structure, targets and policy — including on assisted dying, where the legal positions have diverged.",Follow-up probe on any NHS answer.,Treating English policy as UK policy,"Particularly important for applicants to Scottish, Welsh and Northern Irish schools. Cardiff, Bangor, Swansea, QUB, Ulster and the five Scottish schools are 14 of 68 routes."
D9,"Health systems, policy and society",D9.1,NHS structure and principles,D9.1.5,Current structural reform,PD,FAST,CONTEXT,True,"As at August 2026: the 10 Year Health Plan (July 2025); the NHS Modernisation Bill announced in the King's Speech on 13 May 2026, which would abolish NHS England and fold its functions into DHSC, abolish Healthwatch and merge HSSIB into the CQC; ICBs reducing from 42 to 26; a 'new DHSC' targeted for April 2027.",Policy discussion.,Describing NHS England as if unchanged,FAST. Legislation in progress. Review quarterly; hard expiry 2027-01-31.
D9,"Health systems, policy and society",D9.2,System pressures,D9.2.1,Waiting lists and elective recovery,PD; DI,FAST,CONTEXT,True,"The 18-week referral-to-treatment standard, that the 92% constitutional standard was last met in September 2015, and that the interim 65% target was met in March 2026 (65.3%, waiting list 7.11m pathways). Cancer and emergency standards have NOT improved comparably.",Policy discussion.,Citing a waiting-list figure with no date | Treating the headline improvement as the whole picture,FAST. Monthly statistics. Any figure must carry its month. Review quarterly.
D9,"Health systems, policy and society",D9.2,System pressures,D9.2.2,Industrial action,PD; ES,FAST,CONTEXT,True,As at August 2026: the English resident doctors' dispute is OVER — they voted to accept on 29 June 2026 (52.9% yes on 57.3% turnout). Consultants balloted successfully on 6 July 2026 (76% for on 51.5% turnout) and hold a live 12-month mandate with no dates announced. SAS doctors missed the turnout threshold.,Policy discussion requiring both sides to be argued.,Describing resident doctors as currently striking | Arguing only the patient-harm side or only the pay-restoration side | Refusing to engage because it is political,"FASTEST-MOVING. Consultants could announce dates at any time. HARD EXPIRY: review monthly. Interviewers may be BMA members, consultants, or recently-struck-with residents — the balanced answer is the only safe one, and our feedback must never imply a correct position."
D9,"Health systems, policy and society",D9.2,System pressures,D9.2.3,Workforce and the training bottleneck,PD; FU,FAST,CONTEXT,True,"That the 10 Year Workforce Plan remains unpublished (twice delayed); that the Medical Training (Prioritisation) Act 2026 changed specialty competition materially; and that the tension is three-way between graduate unemployment, a plan implying fewer staff by 2035, and reliance on international medical graduates.",Policy discussion with hostile follow-up.,One-sided arguments about IMGs in either direction,Ethically loaded. Our interviewer must probe both directions and must never signal a position.
D9,"Health systems, policy and society",D9.2,System pressures,D9.2.4,Emergency care and flow,PD,FAST,CONTEXT,True,"That emergency performance has not tracked elective improvement; that corridor care is a live issue; and that the causes are largely about flow out of hospital, i.e. social care.",Policy discussion.,Attributing A&E pressure to inappropriate attendance alone,FAST. Figures dated monthly.
D9,"Health systems, policy and society",D9.3,Health inequalities,D9.3.1,Social determinants,PD; ES,SLOW,CONTEXT,True,"That housing, income, education, work and environment drive health outcomes more than healthcare does, and that this is the Marmot framing.",Policy discussion or ethical scenario.,Treating inequality as an access-to-GP problem,The tester named this as a gap. It is EVERGREEN in concept and FAST in its statistics — split the leaf accordingly.
D9,"Health systems, policy and society",D9.3,Health inequalities,D9.3.2,The healthy life expectancy gap,DI; PD,FAST,CONTEXT,True,"ONS (15 April 2026, 2022-2024 data): the healthy life expectancy gap between the most and least deprived deciles in England is 19.3 years for males and 20.1 years for females; the life expectancy gap is 10.4 and 8.0 years. In England's most deprived areas males and females expect only 49.8 and 48.2 years in good health.",Data interpretation or policy discussion.,Citing a figure with no source or year,FAST. ONS updates annually. Every figure carries its publication date.
D9,"Health systems, policy and society",D9.3,Health inequalities,D9.3.3,The inverse care law,PD,SLOW,CONTEXT,True,Tudor Hart's observation that the availability of good medical care tends to vary inversely with the need of the population served; and that it is a live 2026 issue — the Health Foundation warned on 13 August 2026 that historic underinvestment in GP funding puts the neighbourhood health agenda at risk.,Policy discussion.,Naming the law without an example,ANTI-BUZZWORD: naming it scores nothing without application
D9,"Health systems, policy and society",D9.3,Health inequalities,D9.3.4,"Inequity in uptake, not only in provision",DI; PD,FAST,CONTEXT,True,"That gradients appear in uptake as well as access — RSV vaccination coverage in older adults at 30 June 2026 was 68.3% in the South West against 49.4% in London, 71.6% in the least deprived against 50.3% in the most deprived, and 67.0% among White British against 25.1% among Asian/Asian British-Pakistani groups.",Data interpretation.,Explaining differential uptake as 'hesitancy' alone,FAST. This is the strongest available worked example of structural rather than attitudinal inequity.
D9,"Health systems, policy and society",D9.4,Public health and prevention,D9.4.1,Prevention versus treatment,PD,SLOW,CONTEXT,True,"That prevention is cheaper and slower, that its benefits are diffuse and its costs immediate, and that this asymmetry explains why it is chronically underfunded.",Policy discussion.,'We should focus on prevention' with no account of why we don't,"Note the Spending Review cuts non-NHS DHSC day-to-day spend by 4.5% per year, hitting the public health grant — the tension is concrete, not theoretical"
D9,"Health systems, policy and society",D9.4,Public health and prevention,D9.4.2,Regulation versus individual responsibility,PD; FU,SLOW,CONTEXT,True,"The libertarian objection to state intervention, the evidence that regulation outperforms information campaigns, and the deprivation argument that 'choice' is unequally available. Live examples: the Tobacco and Vapes Act 2026 (Royal Assent 29 April 2026) creating a rolling generational sales ban for anyone born on or after 1 January 2009; the under-16 energy drink ban from April 2027; HFSS advertising restrictions.",Policy discussion with hostile follow-up.,Dismissing 'nanny state' objections without engaging them,Interviewers commonly argue the libertarian side. Our interviewer should too.
D9,"Health systems, policy and society",D9.4,Public health and prevention,D9.4.3,Obesity and weight-loss medication,PD,FAST,CONTEXT,True,"That NHS England is rolling out tirzepatide in phased cohorts — 2026/27 is Cohort II (BMI 35-39.9 with 4+ comorbidities), with roughly 220,000 people in the first three years against about 3.4 million eligible, and BMI thresholds lowered by 2.5 kg/m² for several ethnic groups. The tensions: individual benefit versus population cost, medicalisation versus environment, and equity of access.",Policy discussion.,Treating the drugs as either a cure or a cop-out,FAST. Cohort eligibility changes annually.
D9,"Health systems, policy and society",D9.4,Public health and prevention,D9.4.4,Screening principles and harms,PD; DI,FAST,CONTEXT,True,"That screening a healthy population is not the same as testing a symptomatic one; overdiagnosis, false positives, lead-time bias and the anxiety cost; and the Wilson-Jungner idea that a screening programme must meet criteria about the condition, the test and the treatment.","Policy discussion or data interpretation. Live case: the UK NSC recommended targeted prostate screening on 28 May 2026 for men aged 45-61 with a confirmed BRCA2 variant and family history, EXCLUDING BRCA1 carriers and excluding family history alone — and around 8 in 10 PSA positives are false.",'More screening is better',The prostate decision is the cleanest available exam case: the NSC declined population screening on evidence grounds against strong campaigning pressure.
D9,"Health systems, policy and society",D9.4,Public health and prevention,D9.4.5,Vaccination and uptake,PD; RP,FAST,CONTEXT,True,"That coverage is falling and measles is causing deaths — 736 confirmed cases in England from 1 January to 8 June 2026 with two child deaths confirmed in 2026, against 959 cases in 2025; that England is below the 95% WHO threshold for MMR; and that the driver is access and deprivation more than ideological refusal.",Policy discussion or roleplay with a hesitant parent.,Framing all non-vaccination as anti-vaccine belief | Arguing for mandates without engaging the autonomy objection,"FAST. Case counts rise weekly. In a roleplay with a hesitant parent, the correct behaviour is curiosity about the specific worry — never a lecture, and never clinical advice from an applicant."
D9,"Health systems, policy and society",D9.4,Public health and prevention,D9.4.6,Antimicrobial resistance,PD,SLOW,CONTEXT,True,"The UK national action plan 'Confronting antimicrobial resistance 2024 to 2029', with a target to reduce total human antibiotic use by 5% from a 2019 baseline by 2029, and the vision of AMR contained, controlled and mitigated by 2040. The tension: prescribing restraint against access and diagnostic uncertainty; and the 'subscription' payment model attempting to create a market for drugs we intend not to use.",Policy discussion.,Blaming patients for demanding antibiotics as the whole answer,SLOW — the plan runs to 2029. Safe evergreen-adjacent content.
D9,"Health systems, policy and society",D9.5,"Social care, and the private sector",D9.5.1,The social care interface,PD,FAST,CONTEXT,True,That delayed discharge is a social care capacity problem presenting as a hospital problem; that the Casey Commission has not yet published its Phase 1 report; and that the first adult social care Fair Pay Agreement was confirmed on 16 July 2026 with a negotiating body by end 2026 and a first settlement in April 2028.,Policy discussion.,Discussing NHS pressure with no reference to social care,FAST. Casey Phase 1 is the next major publication and could land mid-cycle.
D9,"Health systems, policy and society",D9.5,"Social care, and the private sector",D9.5.2,Private sector involvement,PD,SLOW,CONTEXT,True,"That independent providers treated over a million NHS patients in 2024 under a partnership agreement, and now deliver a large share of NHS-funded diagnostics and over half of NHS-funded ADHD assessments; and the counter-arguments — the same workforce, lower-complexity casemix, uneven geography, and choice potentially widening inequality.",Policy discussion.,Ideological framing in either direction with no mechanism,A politically charged topic. Our interviewer must probe both sides and never signal a position.
D9,"Health systems, policy and society",D9.5,"Social care, and the private sector",D9.5.3,Mental health provision,PD,FAST,CONTEXT,True,That the Mental Health Act 2025 received Royal Assent on 18 December 2025 and is being commenced in stages over years; that over a million under-18s were in contact with secondary NHS mental health services in 2024-25; and that £343m was announced on 6 August 2026 for 159 new facilities including 100 walk-in community centres and 59 mental health emergency departments.,Policy discussion.,Discussing CAMHS waits with no structural explanation,FAST. Commencement is staged; figures change.
D9,"Health systems, policy and society",D9.6,Global and planetary health,D9.6.1,Sustainability as a professional duty,PD; FU,SLOW,CONTEXT,True,GMP 2024 Domain 1 includes 'Managing resources effectively and sustainably' — NEW in 2024. That healthcare has a material carbon footprint and that sustainable practice is now framed as a duty rather than an interest.,Policy discussion or follow-up.,Treating sustainability as unrelated to clinical practice,Absent from any content mapped to the 2013 GMP domains
D9,"Health systems, policy and society",D9.6,Global and planetary health,D9.6.2,Ethics of international recruitment,PD; FU,FAST,CONTEXT,True,"The tension between the NHS's historic dependence on international medical graduates, the 10 Year Health Plan target of under 10% international recruitment by 2035, the prioritisation legislation, and the effect on source countries' health systems.",Policy discussion with hostile follow-up.,One-sided argument in either direction,Handle with care. A candidate may be an IMG's child or an international applicant. Never signal a position; probe both directions equally.
D10,"Science, evidence, numeracy and technology",D10.1,Scientific reasoning (Oxbridge routes),D10.1.1,Applying school science to a novel problem,SP; FU,EVERGREEN,CONTEXT,True,"Cambridge's published expectation: sixth-form Chemistry, Biology, Maths and Physics applied to novel scenarios, with lateral thinking and conceptual flexibility, observation and hypothesis generation.",Scientific problem with the interviewer prompting rather than correcting.,Recalling a memorised answer | Silence rather than thinking aloud | Guessing without stating the reasoning,"SCORING RULE: score the reasoning path, explicitly not the answer. An incorrect conclusion reached by good reasoning outscores a correct one asserted."
D10,"Science, evidence, numeracy and technology",D10.1,Scientific reasoning (Oxbridge routes),D10.1.2,Hypothesis generation from an observation,SP,EVERGREEN,CONTEXT,True,"Generating several candidate explanations, then proposing what would distinguish them.",Scientific problem.,"One hypothesis, asserted | No test proposed",Oxbridge routes only — 4 of 68. Do not spend Phase 1 budget here.
D10,"Science, evidence, numeracy and technology",D10.1,Scientific reasoning (Oxbridge routes),D10.1.3,Thinking aloud under an interviewer's prompts,SP; FU,EVERGREEN,NONE,True,That the tutorial format expects an audible reasoning process and responsiveness to hints; Oxford lists 'compatibility with tutorial format' as a criterion.,Scientific problem with graded hints.,Long silences | Ignoring a hint | Abandoning a line of reasoning at the first difficulty,"Our interviewer must hint the way a tutor does — narrowing the space, not supplying the answer. See Output 7 on leading."
D10,"Science, evidence, numeracy and technology",D10.2,Evidence and critical appraisal,D10.2.1,Correlation and causation,AD; DI,EVERGREEN,NONE,True,"That an association does not establish causation, and what would be needed — temporality, dose-response, plausibility, controlling for confounders, ideally randomisation.",Article discussion or data interpretation.,Naming the distinction without identifying the confounder in front of them,ANTI-BUZZWORD: 'correlation does not imply causation' scores nothing on its own. Naming a specific plausible confounder scores.
D10,"Science, evidence, numeracy and technology",D10.2,Evidence and critical appraisal,D10.2.2,"Sample, bias and generalisability",AD; DI,EVERGREEN,NONE,True,"Who was studied, who was left out, and whether the result transfers to the population in question.",Article discussion.,Accepting a headline claim at face value,"Do not require study-design vocabulary. Reward the question, not the term."
D10,"Science, evidence, numeracy and technology",D10.2,Evidence and critical appraisal,D10.2.3,Absolute versus relative risk,DI; AD,EVERGREEN,NONE,True,"That a 50% increase in a small risk is still a small risk, and that media reporting systematically prefers relative figures.",Data interpretation with a deliberately misleading headline.,Reacting to the relative figure without asking for the baseline,"The highest-yield single critical-appraisal skill for a 17-year-old, and it needs no medical knowledge."
D10,"Science, evidence, numeracy and technology",D10.2,Evidence and critical appraisal,D10.2.4,Reading a claim in the media,AD; PD,EVERGREEN,LAY,True,"Who made the claim, who funded it, what was actually measured, and what the headline omits.",Article discussion — also the Keele pre-read format.,Discussing the topic rather than appraising the source,Keele issues a case study 1-2 days before interview and tells candidates they are not expected to memorise it. Our pre-read mode should mirror that instruction.
D10,"Science, evidence, numeracy and technology",D10.3,Numeracy,D10.3.1,"Percentages, ratios and proportions under time pressure",CA,EVERGREEN,NONE,True,"Fluent mental arithmetic at or below GCSE level, with the method spoken aloud.","Calculation station, no calculator. Leicester runs this with a pass-mark threshold; Birmingham runs it computer-based with clinically relevant but GCSE-level data.",Silent calculation with only an answer | Not sanity-checking an implausible result,Score method transparency as well as accuracy — a spoken method allows partial credit and mirrors how these stations are marked.
D10,"Science, evidence, numeracy and technology",D10.3,Numeracy,D10.3.2,"Units, conversion and estimation",CA,EVERGREEN,NONE,True,"Converting between units without error, and producing a defensible order-of-magnitude estimate.",Calculation station.,Unit errors going unnoticed,Keep all framing non-clinical or clinically trivial. Never require drug-dosing knowledge.
D10,"Science, evidence, numeracy and technology",D10.4,Data interpretation,D10.4.1,Reading a chart or table accurately,DI,EVERGREEN,NONE,True,"Axes, units, scale, time period, and what is actually plotted.",Data interpretation station.,Describing the shape without reading the axes | Extrapolating beyond the data,QUB states explicitly there are no data or graph stations; Manchester has no reading at all. Serve data stations only where the school profile supports them.
D10,"Science, evidence, numeracy and technology",D10.4,Data interpretation,D10.4.2,Stating what the data cannot show,DI,EVERGREEN,NONE,True,"That the highest-value response names the limits — no comparator, no denominator, truncated axis, aggregation hiding variation.",Data interpretation with MISLEAD set high.,Answering only what was asked | Accepting the presentation uncritically,This is the discriminating behaviour and should be weighted above arithmetic accuracy.
D10,"Science, evidence, numeracy and technology",D10.5,Technology in healthcare,D10.5.1,AI in healthcare — what it does,PD; AD,FAST,CONTEXT,True,"That AI in the NHS is currently strongest in triage, documentation and image analysis rather than autonomous diagnosis. As at 2026: NHS England announced an AI acceleration on 4 July 2026 within a £10bn three-year technology programme — AI triage in the NHS App, ambient voice documentation in outpatients, Copilot for 500,000+ staff.",Policy discussion.,'AI will replace doctors' or 'AI will never replace doctors' with no mechanism | Discussing AI in general rather than in a named use case,FAST. The tester named this as a gap. Review quarterly.
D10,"Science, evidence, numeracy and technology",D10.5,Technology in healthcare,D10.5.2,AI accountability and regulation,PD; FU,FAST,CONTEXT,True,"That the GMC's position is that accountability does NOT transfer — practitioners remain responsible for decisions taken using new technologies, must discuss their use with patients including uncertainties and limitations, must work within their competence, and must report adverse incidents involving software and digital tools. On 29 July 2026 the MHRA clarified that transcription, summarisation and letter drafting are not medical devices, while ambient voice technology that supports diagnosis or acts without clinician review IS a regulated medical device.","Policy discussion with hostile follow-up: 'If the AI was wrong, who is responsible?'",Not addressing accountability at all | Assuming the manufacturer bears clinical responsibility,This is the single best-differentiated AI sub-question and almost nobody teaches it. The regulatory boundary is unstable — a functionality change can silently alter a product's regulatory status.
D10,"Science, evidence, numeracy and technology",D10.5,Technology in healthcare,D10.5.3,"AI bias, deskilling and trust",PD,SLOW,CONTEXT,True,"That training-data bias can widen inequity, that automation bias makes clinicians over-trust outputs, and that deskilling is a live concern as documentation and triage become default.",Policy discussion.,Naming 'bias' with no mechanism or example,A candidate who can name a mechanism — under-representation in training data leading to worse performance in a subgroup — substantially outperforms one who names the word.
D10,"Science, evidence, numeracy and technology",D10.5,Technology in healthcare,D10.5.4,"Health data, consent and public trust",PD; ES,FAST,CONTEXT,True,"The tension between data-driven care and consent at scale; the Single Patient Record confirmed in the King's Speech on 13 May 2026 within the NHS Modernisation Bill; the Federated Data Platform controversy, including reporting in May 2026 that NHS England planned to grant Palantir and external consultancy staff admin-level access to identifiable patient data, with an internal briefing acknowledging risk of loss of public confidence.",Policy discussion.,Treating data sharing as either obviously good or obviously sinister,FAST and contested. Present both the care-improvement case and the trust case; never signal a position.
D10,"Science, evidence, numeracy and technology",D10.5,Technology in healthcare,D10.5.5,Digital exclusion,PD,SLOW,CONTEXT,True,"That making the NHS App the front door disadvantages people without smartphones, connectivity, digital skills or English — disproportionately older, poorer and disabled people, who use care most. This is the inverse care law restated for the digital era.",Policy discussion.,Discussing digital transformation with no equity dimension,A high-value link between two topics most candidates treat separately. Reward the connection.
D10,"Science, evidence, numeracy and technology",D10.5,Technology in healthcare,D10.5.6,Genomics and its consequences,PD,SLOW,CONTEXT,True,"That genomic medicine is moving from diagnosis of rare disease toward population stratification — newborn genomic screening, targeted screening by genetic risk — and that this creates consent, incidental-finding, insurance and equity problems.",Policy discussion.,Enthusiasm with no downside | Confusing genomic screening with genetic engineering,"Newborn genomic screening raises consent for someone who cannot consent, and a finding that cannot be un-known. That tension is the assessable content."
