id,university,course,code,route,interview_type,engines,stations,station_length_min,prep_time_min,total_duration_min,delivery,roleplay,numeracy_data,scientific_reasoning,application_questioning,ethics,nhs_current_affairs,group_task,independently_scored,published_criteria,scoring_note,distinctive,changes,confidence,cycle_published,source_type,source_url,date_checked
imperial-a100,Imperial College London,Medicine MBBS/BSc,A100,undergraduate,MMI,E1; E6,not published,5,not published,not published,not published,not published,yes,not published,no,yes,yes,no,yes,Teamwork and leadership; Motivation to study medicine; Understanding the role of a doctor; Empathy and breaking bad news; Ethics and values-related scenarios; Data interpretation,Published rubric: 6 marks for content (what you say) and 4 marks for communication (how you say it) per station. 40% of every station is delivery.,One of only two schools publishing an explicit content/communication mark split. States the UCAS application is 'unlikely to be referred to during the interview stage' — personal-statement defence is low-yield here. Tells candidates questions 'could reflect a current news story'.,UCAT replaced BMAT from 2025 entry. No interview-format change published.,"HIGH on marking split, station length, topics, independent scoring; UNCERTAIN on station count, duration, delivery mode",2026,institution,https://www.imperial.ac.uk/medicine/study/undergraduate/medicine-mbbs-programmes/mmi/,2026-08-29
imperial-a102,Imperial College London,Medicine (Graduate Entry) MBBS,A102,graduate-entry,MMI (blended),E1; E5,not published,not published,not published,not published,hybrid (in-person + asynchronous),not published,not published,not published,not published,yes,yes,no,not published,Commitment to medicine and understanding the role of a doctor; Potential to contribute to the medical school and the region; Teamwork and leadership; Ethics; Empathy; Resilience and adaptability,not published,Candidates must prepare for two delivery modes in one circuit — live rapport and recorded monologue.,not published,MEDIUM,2026,institution,https://www.imperial.ac.uk/study/courses/undergraduate/medicine-graduate-entry/,2026-08-29
ucl-a100,University College London,Medicine MBBS,A100,undergraduate,MMI,E1,8,5,1,50,in-person,not published,not published,partial (problem solving and reasoning ability assessed),no,not published as a station type,yes,no,yes,"Academic curiosity and interest in healthcare; Motivation and understanding of the career; Problem solving and reasoning ability; Professional attitudes and values; Team work, leadership and individual strengths; Communication skills",Explicitly mapped to NHS values: putting patients first; respect and dignity; quality of care; compassion; improving health and wellbeing; inclusion.,Highest question density found anywhere — 2-3 questions inside a 5-minute station with only 1 minute of reading. Answers must be short. Personal statements are not scored for selection.,UCAT replaced BMAT from the 2024/25 cycle. No interview-format change published.,HIGH,2026,institution,https://www.ucl.ac.uk/medical-sciences/divisions/medical-school/study/undergraduate/mbbs-admissions/selection-interviews/interviews,2026-08-29
kcl-a100,King's College London,Medicine MBBS,A100,undergraduate,MMI,E1,7,not published,not published,not published,online (likely),not published,not published,not published,not published (PS used in shortlisting),yes,yes,not published,not published,"Communication skills; General social and ethical issues, typically health-related; Suitability for the programme and the health professions; Contribution to the university community",not published,One question per station — very short-form. No contextual offers on A100; the contextual route is the separate A101 EMDP.,not published,"MEDIUM on assessment focus; LOW on the 7-station online format (FAQ PDFs, not the course page)",2026,institution (FAQ PDF),https://www.kcl.ac.uk/study/undergraduate/courses/medicine-mbbs/entry-requirements,2026-08-29
kcl-a101,King's College London,Extended Medical Degree Programme MBBS,A101,undergraduate (widening participation),not published,E1,not published,not published,not published,not published,online,not published,not published,not published,not published,yes,yes,not published,not published,Values and personality based attributes; Knowledge on topical medical issues; Ethical reasoning; Communication skills,not published,"Gated eligibility: non-selective state education since 11, no prior degree, home fee status, plus a deprivation/care-experience indicator.",not published,MEDIUM,2026,institution,https://www.kcl.ac.uk/study/undergraduate/courses/extended-medical-degree-programme-mbbs/entry-requirements,2026-08-29
kcl-a102,King's College London,Graduate/Professional Entry Medicine MBBS,A102,graduate-entry,panel,E3,not published,not published,not published,not published,online,not published,not published,not published,not published,yes,yes,no,standardised scoring sheets,Values and personality based attributes; Knowledge on topical medical issues; Ethical reasoning; Communication skills,not published,"Panel, not MMI — requires sustained conversational stamina rather than station reset.",not published,HIGH on panel format and remote delivery,2026,institution,https://www.kcl.ac.uk/study/undergraduate/courses/medicine-graduate-professional-entry-mbbs/requirements,2026-08-29
qmul-a100,Queen Mary University of London (Barts),Medicine MBBS,A100,undergraduate,panel (CONFLICTING — policy permits MMI or panel),E3,not published,not published,not published,not published,CONFLICTING (course page: online; admissions policy: in-person or virtual),not published,not published,not published,yes,not published,partial,no,n/a,"Motivation and reality of a career in medicine or dentistry; Initiative, resilience and maturity; Teamwork skills; Organisation and problem-solving abilities; Contribution to university life; Communication skills",UCAT gate: overall in the fourth decile or above AND SJT Bands 1-3. SJT Band 4 ends the application at first shortlisting.,The clearest counter-example to Imperial: the panel has access to the UCAS application and may ask questions from it. Application-defence practice is high-yield here and low-yield at Imperial — this alone justifies a per-school flag in the product.,not published,MEDIUM overall; UNCERTAIN on interview type and delivery — sources conflict,2026,institution,https://www.qmul.ac.uk/fmd/study/undergraduate/courses/a100/selection-criteria/index.html,2026-08-29
qmul-malta,Queen Mary University of London (Malta campus),Medicine MBBS Malta,"direct application, not UCAS",undergraduate,panel,E3,not published,not published,not published,not published,online (Zoom),not published,not published,not published,not published,not published,not published,no,n/a,,UCAT third decile and above; SJT Band 4 not considered.,Explicit no-notes rule — worth surfacing to users who practise with prompts on screen.,not published,MEDIUM,2025,institution,https://www.qmul.ac.uk/malta/admissions/faqs/,2026-08-29
csgul-a100,"City St George's, University of London",Medicine MBBS,A100,undergraduate,MMI,E1; E2,6,4,not published,not published,not published for A100,yes,not published,not published,not published,not published explicitly,yes,no,yes,"Career motivation and commitment to the healthcare profession; Professional qualities — empathy, respect, dignity toward patients; Teamwork; Knowledge of current healthcare policies and research; Commitment to quality of care; Ability to improve others' lives",Publishes the line 'Often there is no right or wrong answer - the interviewers are assessing your ability to express your thinking.' Use this verbatim in product copy that resists model answers.,"Stations may be practical tasks, not only speech. Four-minute stations reward concision.","For 2027 entry, UCAT SJT banding will be considered in decision-making. Institution flags possible MMI changes for the 2026 application cycle.",MEDIUM — MMI confirmed on the 2027-entry course page; the six-question/four-minute detail comes from the institution's MMI guidance hub and is flagged as subject to change,2027 (format detail older),institution,https://www.citystgeorges.ac.uk/prospective-students/courses/undergraduate/medicine/2027,2026-08-29
csgul-a101,"City St George's, University of London",Medicine (Graduate Entry) MBBS,A101,graduate-entry,MMI,E1; E2,not published,not published,not published,not published,in-person,institution-wide guidance only,not published,not published,not published,not published,not published,no,yes,,not published,"GAMSAT-gated; eligible sittings for the 2027 cycle run March 2025 to September 2026, highest score used.",Flagged as possibly changing for the 2027 application cycle.,MEDIUM on MMI and in-person; LOW on station count and length,2026,institution,https://www.citystgeorges.ac.uk/prospective-students/courses/undergraduate/medicine-graduate-entry,2026-08-29
brunel-a100,Brunel University London,Medicine MBBS,A100,undergraduate,MMI — asynchronous virtual (vMMI),E5,6,7,2,42,"online (asynchronous, Shortlister platform)",not published,not published,no,not published,hypothetical scenarios,not published,no,sum of marks; no per-station minimum,"Six mini-interview stations, each designed to assess a different attribute aligned with Good Medical Practice",SJT Band 4 not accepted. Candidates ranked by total vMMI score against an annually agreed cut-off.,"The single biggest format outlier in the UK. No interviewer, no rapport, no follow-up — a recorded monologue against a timer. Practice for Brunel is a fundamentally different skill and is the one format where an AI product's asynchronous recording mode is an exact simulation rather than an approximation.",Earlier documentation described live virtual rooms; treat the asynchronous model as current.,"HIGH on format, station count, timing, five-day window; UNCERTAIN on total duration (40 vs 45 minutes across two current Brunel pages)",2026,institution,https://www.brunel.ac.uk/brunel-medical-school/Interviews,2026-08-29
kmms-a100,Kent and Medway Medical School,Medicine MBBS,A100,undergraduate,MMI + group station (hybrid),E1; E2; E6; E7,7,7,3,82,hybrid (in-person for most; remote for international),yes,yes,partial (problem analysis),not published,situational judgement and values-based stations,not published,yes,group station individually assessed,A resilient all-rounder; A realistic and committed attitude to medical training; Ability to communicate effectively and to work well in a team,"Casper (Acuity Insights) additionally required for Groups C, D and E, used to rank rather than threshold. No predicted grades used in selection; relative attainment against school averages replaces absolute grades at shortlisting.","The most content-diverse single circuit in the UK — data, roleplay, task, values and a 40-minute group exercise in one sitting. Also the only school in the set to warn that commercial preparation 'might be less useful' and that school-organised coaching may be 'positively disadvantageous', and to require an NDA. Treat that stance as a marketing constraint, not just a curiosity.",KMMS explicitly states it does not commit to the same number or type of stations for the coming cycle.,"HIGH for the published 2025-26 structure, explicitly labelled by KMMS as subject to change",2026,institution,https://kmms.ac.uk/entry-requirements-2027/,2026-08-29
surrey-a101,University of Surrey,Medicine (Graduate Entry) BMBS,A101,graduate-entry,MMI,E1,not published,not published,not published,60,online,not published,not published,not published,not published (PS not scored),not published,not published,no,yes,,"GAMSAT required for most; UCAT accepted only from Biochemistry, Biology, Biomedical Science, Chemistry or Natural Sciences degrees.","SURREY HAS NO A100. If the product lists Surrey as an undergraduate option, that is a factual error to correct before launch.",not published,MEDIUM,2027,institution,https://www.surrey.ac.uk/undergraduate/medicine-graduate-entry,2026-08-29
oxford-a100,University of Oxford,Medicine (pre-clinical),A100,undergraduate,academic-tutorial / semi-structured panel (explicitly not MMI),E4,not published,not published,not published,not published,"online (December 2026, Microsoft Teams)",no,not published,yes,partial (university-wide guidance says discussion may draw on the personal statement),yes,yes,no,two colleges assess independently against common criteria,"Empathy: ability and willingness to imagine the feelings of others and understand the reasons for the views of others; Motivation: a reasonably well-informed and strong desire to practise medicine; Communication: ability to make knowledge and ideas clear using language appropriate to different audiences, including patients; Honesty and integrity; Ethical awareness; Ability to work with others; Capacity for sustained and intense work; Problem-solving: critical thinking, analytical approach; Intellectual curiosity: keenness to understand the reason for observations; depth; tendency to look for meaning; enthusiasm and curiosity in science; Communication skills: willingness and ability to express clearly and effectively; ability to listen; compatibility with tutorial format",Selection criteria are common to all colleges. NHS Constitution values are named in the criteria.,"Interviewers blinded to UCAT — unique in this dataset. The personal-characteristics criteria list is as long as the academic one, which contradicts the common assumption that Oxford is purely academic.",none published,"HIGH on delivery, panel composition, two-college structure and criteria; MEDIUM on number and length of interviews",2027,institution,https://www.medsci.ox.ac.uk/study/medicine/pre-clinical/requirements/criteria,2026-08-29
oxford-a101,University of Oxford,Medicine (graduate entry / accelerated),A101,graduate-entry,academic-tutorial / semi-structured panel,E4,4,not published,not published,not published,online (17-18 December 2026),not published,not published,yes,yes,shared A100 criteria,shared A100 criteria,no,not published,,"Selection draws on the application form and UCAS information, referees' statements, interview performance and UCAT.",Four interviews is the highest interview count of any non-MMI route in the dataset — stamina and consistency across repeated academic conversation.,none published,"HIGH on number of interviews, delivery and dates; LOW on content detail",2027,institution,https://www.medsci.ox.ac.uk/study/medicine/graduate-entry-medicine/about-the-course/interviews-and-selection,2026-08-29
cambridge-a100,University of Cambridge,Medicine MB BChir,A100,undergraduate,college academic / subject-specific (explicitly not MMI),E4,2,not published,not published,60,CONFLICTING — college-dependent; the university publishes a per-college table rather than a course-level answer,not published,not published as a discrete task,yes,partial (may cover recent school topics or the personal statement),yes,partial,no,not published,"Scientific and related competencies — sixth-form Chemistry, Biology, Maths and Physics; application of knowledge to novel scenarios; lateral thinking and conceptual flexibility; observation and hypothesis generation; Personal qualities — emotional maturity and motivation, listening, empathy, communication, team-working, capacity to handle stressful situations; Professional and career considerations — substantiated motivation, realistic understanding, ethical reasoning, social awareness",For 2027 entry Cambridge uses the overall cognitive UCAT subtest score and will NOT use the situational judgement score. No minimum UCAT threshold.,The most concretely specified scientific-reasoning expectation in the UK — named A-level subjects applied to novel problems. No pre-submitted written work required; Medicine is absent from the 2027-entry at-interview assessment list.,2027 entry: SJT dropped from consideration; overall cognitive score used.,"HIGH on UCAT policy, two-interview minimum and criteria; MEDIUM on duration and number; UNCERTAIN on delivery mode",2027,institution,https://www.undergraduate.study.cam.ac.uk/files/publications/key_criteria_for_medical_admissions.pdf,2026-08-29
cambridge-a101,University of Cambridge,Medicine (Graduate Course) MB BChir,A101,graduate-entry,college academic interview,E4,not published,not published,not published,not published,not published (college-dependent),not published,not published,yes,not published,shared criteria,not published,no,not published,,2027 entry: overall cognitive UCAT score used; SJT not used; no minimum threshold.,not published,As A100 for 2027 entry.,HIGH on UCAT policy; absent on interview format,2027,institution,https://www.undergraduate.study.cam.ac.uk/courses/medicine-graduate-course-mb-bchir,2026-08-29
uea-a100,University of East Anglia,MBBS Medicine,A100,undergraduate,MMI,E1,6,5,1.5,39,in-person (campus),not published,not published,not published,no,not published individually,not published individually,no,yes,Mapped to the Medical Schools Council statement on the core values and attributes needed to study medicine,Interview and UCAT weighted equally at the offer stage.,One of the clearest statements that stations are written directly against the MSC attributes — makes MSC-mapped rubrics directly defensible for this school.,none published,HIGH on structure; absent on content detail,2026,institution,https://www.uea.ac.uk/course/undergraduate/mbbs-medicine,2026-08-29
uea-gem,University of East Anglia,MBBS Medicine (Graduate Entry),not verified,graduate-entry,MMI,E1,6,5,1.5,39,in-person,not published,not published,not published,no,not published,not published,no,yes,,not published,not published,not published,HIGH on structure; UNCERTAIN on course code,2026,institution,https://www.uea.ac.uk/course/undergraduate/mbbs-medicine-graduate-entry,2026-08-29
aru-a100,Anglia Ruskin University,Medicine MBChB,A100,undergraduate,MMI,E1; E2,6,7,1,48,in-person (Chelmsford),yes,not published,not published,partial — PS not directly used but candidates should be prepared to discuss aspects of it,yes,not published,not published,yes,Quality of answer (out of 5); Demonstration of skills/qualities (out of 5); Communication (out of 5),"The clearest published per-station rubric in the dataset: three equally weighted domains per station, 15 per station, 90 total. Directly convertible into a scoring schema.",Confirms actors. The three-domain rubric separates content quality from evidenced attribute from communication — a better model for our own scoring than most schools publish.,none published,HIGH,2026,institution,https://www.aru.ac.uk/study/admissions/interviews-auditions-and-portfolios/medicine-interview-process,2026-08-29
leicester-a100,University of Leicester,Medicine MBChB,A100,undergraduate,MMI,E1; E6,7,10,1,60,"hybrid by cohort (face-to-face for Home, online for International/A199)",not published,yes,not published,borderline candidates only,yes,not published,no,yes,Communication Skills; Problem solving; Personal qualities and values; Motivation and suitability; Ability to show empathy and compassion; Organisational ability; Numeracy,"The numeracy station carries a pass-mark threshold — a hurdle, not a contribution to a total. Mental arithmetic, no calculator, no medical knowledge.",The only school in the dataset publishing numeracy as a threshold hurdle. Ten-minute stations are the longest standard MMI stations found and support genuine follow-up questioning.,Not stated; school notes it regularly reviews its interview process.,"HIGH on delivery, numeracy and criteria; MEDIUM on station count and length (candidate page labelled to an earlier cycle)",2026,institution,https://le.ac.uk/medicine-interview,2026-08-29
nottingham-a100,University of Nottingham,Medicine BMBS,A100,undergraduate,MMI-style scenario circuit (Nottingham calls them scenarios),E1; E2,6,not published,not published,60,"hybrid by fee status for 2027 entry (in-person for Home, online via Teams for International)",yes,not published,not published,no,not explicitly published,partial,no,not published,Good communication and listening skills; An understanding of professional issues such as teamwork; Respect for patients and the contribution of those working in professions allied to medicine,UCAT SJT Band 1-3 required to progress.,"Guarantees at least one roleplay in every circuit — a concrete argument for our roleplay engine being core, not optional.",2026 entry was all online via Teams; 2027 entry moves Home applicants to in-person.,HIGH,2027,institution,https://www.nottingham.ac.uk/medicine/study/medicine/faq/a100-selection.aspx,2026-08-29
nottingham-a101,University of Nottingham,Graduate Entry Medicine BMBS (Royal Derby),A101,graduate-entry,MMI-style scenario circuit,E1; E2,6,not published,not published,60,in-person for Home; online via Teams for International,yes,not published,not published,no,not explicitly published,partial,no,not published,,not published,Largest cycle-on-cycle change found anywhere in the dataset.,2026 entry used GAMSAT and all-online interviews; 2027 entry uses UCAT with in-person interviews for Home applicants.,"HIGH on the 2027 test change, delivery and dates; MEDIUM on scenario detail",2027,institution,https://www.nottingham.ac.uk/medicine/study/medicine/faq/a101-selection.aspx,2026-08-29
lincoln-a100,University of Lincoln,Medicine MBChB,A100,undergraduate,MMI,E1,7,not published,not published,not published,in-person (Brayford Campus),not published,not published,not published,not published,not published individually,not published individually,no,yes,Evidence of skills and attributes appropriate to a career in Medicine; Insight into a range of topics related to working as a doctor,Total interview score out of 70; each station scored across several domains.,"Lincoln now runs its own MBChB at Brayford; the historic joint Nottingham-Lincoln arrangement is not described on current pages. GMC status: under review, not yet fully approved.",none published,"HIGH on station count, scoring total, delivery; absent on timings",2026,institution,https://www.lincoln.ac.uk/medicalschool/admissionsguidance/,2026-08-29
buckingham-mbchb,University of Buckingham,MB ChB Medicine (4.5-year),direct application (private),undergraduate,MMI — Objective Structured Selection Examination (OSSE),E1; E9,not published,not published,not published,not published,online,not published,not published,computer-based aptitude assessment at Stage Two,not published,framed against Good Medical Practice,not published,not published,yes,Tasks intended to test abilities related to Good Medical Practice; Judge personal attributes relating to suitability for practice as a doctor,Performance at each station scored against a checklist defined in advance; total cumulated and applicants ranked.,"No UCAT requirement; an in-house computer-based assessment plays that role. January 2027 intake. Fees £41,500/yr UK. Low priority for a UK-market product given fee level and applicant volume.",none published,HIGH on the three-stage model and scoring method; absent on station detail,2026,institution,https://medvle.buckingham.ac.uk/course/section.php?id=13,2026-08-29
birmingham-a100,University of Birmingham,MBChB Medicine and Surgery,A100,undergraduate,MMI,E1; E2; E6,7,8,2,56,hybrid (in-person for Home; online via Zoom for International),yes,yes,critical thinking and data interpretation only,partial — PS not scored but evidence of commitment required; work experience discussed at the Commitment and Insight station,yes,yes,not published,yes,Critical Thinking; Commitment and Insight into Medicine; Dealing with Personal and Ethical Challenges; Professionalism; Data Interpretation and Debate; Interaction in Healthcare Setting (role-play); Calculation Station,"All MMI stations and the UCAT SJT component are equally weighted. SJT Band 1 = max, Band 2 = 2/3, Band 3 = 1/3, Band 4 = 0. Pre-interview scoring is 45% academic, 40% UCAT, 15% contextual.","The most fully specified station blueprint published by any UK medical school, and the only one naming a computer-based calculation station AND a professional role-player station AND a debate station. This is the single best template for a university-specific practice mode.",Interview page is labelled 2026 entry; entry-requirements page is 2027 entry. Re-verify station list in autumn 2026.,HIGH for 2026-entry structure; MEDIUM that it carries unchanged to 2027 entry,2026,institution,https://www.birmingham.ac.uk/schools/medical-school/applying-to-medicine/medicine-interviews,2026-08-29
aston-a100,Aston University,Medicine MBChB,A100,undergraduate,MMI,E1,5,not published,not published,not published,online,not published,not published,no,not published (MSC: may be used during interviews),not published,not published,not published,yes,"Oral and written communication; Listening; Empathy, compassion, respect and dignity; Emotional intelligence; Problem solving; Motivation; Teamworking; Being able to lead as well as follow; Knowing your limitations and knowing when to ask for help",10 marks per station; 50 total (2025 entry).,Publishes 'Knowing your limitations and knowing when to ask for help' as an explicit assessed attribute — this is the competence-boundary behaviour our scoring must reward and is rarely named this directly.,not published,MEDIUM; station count inferred from 2025 scoring data,unlabelled,institution,https://www.aston.ac.uk/hls/aston-medical-school/advice-zone/mmi,2026-08-29
warwick-a101,University of Warwick,Medicine MB ChB (Graduate Entry),A101,graduate-entry,MMI (Selection Centre),E1,6,10,not published,80,hybrid (in-person main cohort; online session for international),not published,not published,not published,not published,not published,not published,not published,yes,,Warwick runs no undergraduate A100.,Ten-minute stations plus published 2027 dates make this one of the few schools where a fully accurate timed simulation is possible today.,not published,"HIGH on station count, length, delivery and dates; absent on content",2027,institution,https://warwick.ac.uk/study/postgraduate/apply/pgadmissions/applicants/mbchbselection/importantmmiinformation,2026-08-29
keele-a100,Keele University,Medicine MBChB,A100,undergraduate,two separate structured interviews (not a station circuit),E3; E8,2,15,not published,150,online (Microsoft Teams),not published,not published,not published,PS scored at shortlisting; interview use not stated,yes,partial,not published,not published,Awareness of the doctor's role in healthcare teams and society; Engagement with people needing care or support; Communication; Responsibility and commitment; Sustained activities alongside academic study; Positive impact on others' lives,Offer decision based on interview performance; ties broken by UCAT.,"The only school issuing prepared reading material in advance. Practice for Keele needs a pre-read attachment and a discussion-of-supplied-text mode — cheap to build, and nobody else offers it.",Cycle labelling conflicts: Keele's how-to-apply page still says September 2025 entry; MSC lists the same two-interview online-hybrid format for 2027 entry.,MEDIUM — format HIGH from Keele's own page but the page is cycle-stale; 2027 applicability from MSC only,2025 (MSC corroborates 2027),institution + MSC,https://www.keele.ac.uk/study/undergraduate/undergraduatecourses/medicine/medicinehowtoapply/,2026-08-29
worcester-a101,University of Worcester (Three Counties Medical School),Medicine (Graduate Entry) MBChB,A101,graduate-entry,hybrid panel + MMI (LOW confidence — MSC only),E1; E3,not published,not published,not published,not published,in-person (LOW — MSC only),not published,not published,not published,PS not scored,CASPer assesses situational judgement and professionalism,not published,not published,not published,,Shortlisted applicants typically above 50 on GAMSAT or 1870 on UCAT; no hard cut-off.,NO A100 — graduate entry only. One of two schools using CASPer. GMC status: under review.,not published,LOW on interview format; HIGH on selection stages,2027,institution + MSC,https://www.worcester.ac.uk/about/academic-schools/medical-school/medical-school-admissions/mbchb-application-faqs.aspx,2026-08-29
chester-a101,University of Chester,Graduate Entry Medicine MBChB,A101,graduate-entry,MMI,E1,6,not published,not published,90,in-person,not published,not published,not published,not published,implied via GMP framing,not published,not published,yes,Assessed against GMC Good Medical Practice,Two assessors per station.,NO A100 — graduate entry only. NOT YET FULLY GMC-APPROVED for award; progressing through approval with Warwick Medical School as contingency partner. Flag this in product copy.,not published,"HIGH on station count, duration, delivery, scoring; absent on content",2026,institution,https://www.chester.ac.uk/study/course-search/graduate-entry-medicine-mbchb/,2026-08-29
lancashire-a100,University of Lancashire (formerly UCLan),Medicine & Surgery MBBS,A100,undergraduate,MMI,E1,not published,not published,not published,not published,hybrid (in-person Preston confirmed; online per MSC),not published,not published,not published,MSC only: used during the interview,not published,not published,not published,not published,,not published,Home/UK recruitment severely restricted — 'a very limited number of places available for UK students'. Weakest case in the dataset for building UK-market practice content. Note the rebrand to University of Lancashire; do not confuse with Lancaster Medical School.,not published,MEDIUM on format and delivery; absent on all content fields,2026,institution + MSC,https://www.lancashire.ac.uk/undergraduate/how-to-apply/mbbs,2026-08-29
edgehill-a100,Edge Hill University,MBChB Medicine,A100,undergraduate,MMI,E1; E6,not published,not published,not published,not published,not published,not published,yes (2020 policy: interpretation of data),not published,no,yes,yes,not published,yes,Motivation for wanting to join the MBChB Programme; Verbal communication skills; Integrity/probity; Teamwork/leadership; Empathy and compassion; Awareness of current health challenges; Ethical awareness; Awareness of self and others; Prioritization/decision making; Interpretation of data,UCAT SJT Band 4 = automatic rejection. Individual station scores are not released to applicants.,"UK applicants only. The 2020 competency list explicitly names 'Awareness of current health challenges' and 'Prioritization/decision making' — useful evidence that current affairs and prioritisation are genuinely assessed, but the document is six years old.",Interview format explicitly TBC for 2027 entry — re-check in autumn 2026.,MEDIUM on MMI type and process; LOW/DATED on the competency list (May 2020 policy),2027 (format TBC),institution + MSC,https://www.edgehill.ac.uk/course/medicine/,2026-08-29
manchester-a100,University of Manchester,Medicine MBChB,A100,undergraduate,MMI,E1; E2,5,8,0,50,hybrid (candidate chooses online or in-person),yes,no,not published,not published,yes,yes,not published,yes,Communication ability; Motivation for medicine; Caring experience; Contemporary medical knowledge; Ethical reasoning,"No reading or writing component at any station — everything is spoken, cold.",Explicitly names 'contemporary medical knowledge' as an assessed criterion — direct evidence for the tester's complaint that current affairs is missing from our bank. Uses simulated patients as interviewers. The only school offering candidates a free choice of delivery mode.,none stated,HIGH,unlabelled (treat as current),institution,https://www.bmh.manchester.ac.uk/study/medicine/apply/interviews/,2026-08-29
liverpool-a100,University of Liverpool,Medicine and Surgery,A100,undergraduate,MMI,E1,not published,not published,not published,not published,hybrid (in-person Home/Irish; online international),not published,not published,not published,not published,not published,not published,not published,not published,"Awareness of and insight into a career in healthcare; Caring for the community; Critical, coherent, and informative approach to verbal and written communication; Values embodying good healthcare practice",not published,not published,2026 and 2027 supplements materially identical on interview format.,HIGH on format; absent on all station detail,2027,institution,"https://www.liverpool.ac.uk/media/livacuk/schoolofmedicine/admissions/A100,Departmental,Supplement,E2027.pdf",2026-08-29
liverpool-a101,University of Liverpool,Medicine (graduate entry),A101,graduate-entry,MMI,E1,not published,not published,not published,not published,not published,not published,not published,not published,not published,not published,not published,not published,not published,,not published,not published,not published,MEDIUM on existence and MMI format; absent on detail,2027,institution,https://www.liverpool.ac.uk/medicine/study-with-us/undergraduate/admissions-process/,2026-08-29
lancaster-a100,Lancaster University,Medicine and Surgery MBChB,A100,undergraduate,MMI,E1,not published,not published,not published,not published,online (Microsoft Teams),not published,not published,not published,yes,not published,not published,not published,yes,"Skills, values and attributes required to study and practise medicine successfully",References GMC 'Achieving good medical practice: guidance for medical students'.,States the personal statement is an opportunity to prepare for the types of questions asked at interview — application-based questioning is in scope here. NOTE: an archived Lancaster policy describing 12-15 stations plus a 20-minute group task is from the BMAT era (2016 entry) and is superseded — do not use it.,not published,HIGH on delivery and scoring; absent on station count and timings,unlabelled,institution,https://www.lancaster.ac.uk/lms/medicine-and-surgery/mmi-guide/,2026-08-29
leeds-a100,University of Leeds,Medicine and Surgery MBChB,A100,undergraduate,MMI,E1,8,6,2,64,in-person (online for overseas),not published,not published,no,yes,yes,yes,not published,yes,Communication skills; Ethical reasoning; Problem solving,"Marked against pre-determined, standardised scoring scales. Critically: 'The decision to make an offer after interview depends entirely on performance at interview, not on predicted or achieved academic performance, or UCAT scores.'","The highest-stakes interview in the dataset — UCAT and academics govern shortlisting only, and the offer rests entirely on interview performance. Explicitly states the interview does not test clinical or scientific knowledge, and explicitly tells candidates to keep up to date with health and social care headlines.",not published,HIGH,2027,institution,https://medicinehealth.leeds.ac.uk/medicine/doc/preparing-mmi,2026-08-29
leeds-a101,University of Leeds,Gateway Year to Medicine MBChB,A101,undergraduate (widening participation gateway — NOT graduate entry),MMI,E1,8,6,2,64,in-person (online for overseas),not published,not published,no,yes,yes,yes,not published,yes,Communication skills; Ethical reasoning; Problem solving,Offers depend entirely on interview performance.,"Leeds A101 is a Gateway Year, not graduate entry. Leeds has no graduate-entry medicine course — a common product data error.",not published,MEDIUM (station detail inherited from the shared Medicine/Gateway MMI page),2027,institution,https://courses.leeds.ac.uk/i900/gateway-year-to-medicine-mbchb,2026-08-29
sheffield-a100,University of Sheffield,Medicine MBChB,A100,undergraduate,MMI (home) / panel (international),E1; E3,8,not published,not published,not published,in-person (Home) / online (International),not published,not published as such — 'Information processing' is a named section,not published,no,yes,yes,not published,yes,Knowledge of Sheffield; Medicine in a wider context; Good medical practice; Attitudes and values; The candidate as a person; Communication skills; Ethics; Information processing,"Published prioritisation rule: 'Applicants who achieve a score of three or better in every MMI section and the SJT will be prioritised in the ranking process.' This is a per-station floor, not a total — the single most important scoring design fact in the dataset.","The most granular published scoring model in the UK: named sections, an explicit five-point descriptor scale, a 45-point total including SJT, and a per-section floor. Uniquely states it does not read or score personal statements. Also uniquely has a 'Knowledge of Sheffield' section — the only school where course-specific research is directly scored. Notes and materials are not permitted during the interview.",UCAT threshold restated from 2430/3600 to 1800/2700 following the change in UCAT format.,HIGH,2027,institution,https://sheffield.ac.uk/smph/undergraduate/medicine-admissions,2026-08-29
hyms-a100,Hull York Medical School,Medicine,A100,undergraduate,MMI hybrid — includes a group exercise and a video-based individual scenario,E1; E7,4,not published,5,not published,in-person (Home/EU) / online (overseas),"yes — pre-recorded video with character interaction, not a live actor",no,no,not published,yes,yes,yes,yes,"Collaborative ability; Insight into a medical career; Understanding of the values in the NHS Constitution; Motivation; Current medical awareness; Communication skills; Understanding of the course; Personal qualities — empathy, tolerance of ambiguity and resilience; Critical thinking","Overseas structure differs: 4 stations (three mini-interviews at 15 points each, individual scenario 15, group exercise 15), 60 points total, one question per station, 2 minutes' thinking time, group of up to 6.","The only school publishing a live group exercise as a scored station with published point weights, and the only one using a pre-recorded video scenario over headphones. Five minutes of thinking time per question is by far the most generous preparation in the dataset — a completely different answer-construction skill from UCL's one minute.",not published,HIGH,2026,institution,https://www.hyms.ac.uk/medicine/applying/interviews,2026-08-29
newcastle-a100,Newcastle University,Medicine and Surgery MB BS,A100,undergraduate,MMI,E1; E2,7,7,not published,not published,in-person (Home); online available for international,yes,not published,not published,no,not explicitly published,not published,no,yes,Integrity (honesty and probity); Communication; Empathy and self-awareness; Motivation and commitment to be a doctor; Compatibility with the MBBS programme; Teamwork (including leadership); Personal organisation; Persistence and resilience,"SJT band weighted as one full MMI station — a genuine post-interview UCAT use, unlike most schools.",One station involves a role-play scenario (2025-entry page). Selectors blinded to the application.,none stated,"HIGH on scoring, UCAT use and domains (2027 policy); MEDIUM on station count and length (2025-entry figure, not restated for 2027)",2027 (policy) / 2025 (station detail),institution,https://www.ncl.ac.uk/mediav8/fms/files/2027%20Admissions%20Policy%20FINAL.pdf,2026-08-29
newcastle-a101,Newcastle University,Medicine and Surgery (Accelerated) MB BS,A101,graduate-entry,panel,E3,not published,not published,not published,not published,hybrid (on campus or remote),not published,not published,not published,no,not published,not published,no,yes,Same eight domains as A100,not published,"Same content, different container — the clearest single case in the dataset that a school can run identical domains through a panel and an MMI. Supports building content domain-first and rendering it into a format at runtime.",not published,MEDIUM,2027,institution,https://www.ncl.ac.uk/undergraduate/degrees/a101/,2026-08-29
sunderland-a100,University of Sunderland,MBChB Medicine,A100,undergraduate,MMI,E1,not published,not published,not published,not published,CONFLICTING — course page says in-person; School of Medicine help page says online MMIs on Microsoft Teams,not published,not published,not published,not published (separate reflective work-experience survey used at shortlisting),not published,not published,not published,not published,,UCAT: top 8 deciles with SJT Bands 1-3.,Uses a separate reflective work-experience survey at shortlisting — the only school in the dataset doing so. Worth a content note for users applying here.,not published,MEDIUM on MMI format and dates; UNCERTAIN on delivery mode,2027,institution,https://www.sunderland.ac.uk/study/medicine/mbchb-medicine/,2026-08-29
pears-cumbria-a102,Pears Cumbria School of Medicine (Imperial / University of Cumbria),Medicine (Graduate Entry) MBBS,A102,graduate-entry,"MMI (blended, including asynchronous components)",E1; E5,not published,not published,not published,not published,hybrid (in-person Carlisle + asynchronous),not published,not published,not published,yes,yes,regional health outcomes,no,not published,Commitment to medicine and understanding the role of a doctor; Potential to contribute to the medical school and the region; Teamwork and leadership; Ethics; Empathy; Resilience and adaptability,GAMSAT or UCAT. Home students only; 2:1 in biosciences or an allied healthcare degree.,"GRADUATE ENTRY ONLY — there is no undergraduate A100. Explicitly assesses regional commitment to Cumbria, which is a genuinely school-specific content requirement. GMC status: under review via Imperial.",Both school pages still display the closed 2026 cycle; 2027 recruitment confirmed via UCAS only.,MEDIUM,2026 (UCAS confirms 2027),institution + UCAS,https://cumbriamed.ac.uk/applying/,2026-08-29
bristol-a100,University of Bristol,MB ChB Medicine,A100,undergraduate,structured interview / MMI-style multi-station,E1,6,5,not published,30,online (Zoom),not published,not published,not published,no,candidates directed to read GMC guidance for medical students,not published,no,yes,Skills and attributes appropriate to a career in medicine; Insight into a range of topics related to a career in medicine,Three assessors per station is the highest assessor density in the dataset. MSC's 2027-entry tool entry reads: 'Applicants move around six MMI stations lasting 5 mins each.',Explicitly bans AI tools during the interview. Thirty minutes total makes this the shortest full circuit found — concision is the dominant demand.,Personal statement no longer used as a weighted selection component (undated).,MEDIUM — structure HIGH but published for 2026 entry; MSC corroborates for 2027,2026 (MSC 2027),institution + MSC,https://www.bristol.ac.uk/study/undergraduate/after-you-apply/interviews/medicine/,2026-08-29
bristol-a108,University of Bristol,MB ChB Gateway to Medicine,A108,undergraduate (widening participation gateway),structured interview,E1,6,5,not published,30,online (Zoom),not published,not published,not published,no,not published,not published,no,yes,,UCAT bursaries available to cover test cost.,"Eligibility by WP criteria — designated schools/colleges, 3+ months care experience, or free school meals.",not published,MEDIUM — inherited from the shared A100/Gateway page,2026,institution,https://www.bristol.ac.uk/study/undergraduate/after-you-apply/interviews/medicine/,2026-08-29
exeter-a100,University of Exeter,BMBS Medicine,A100,undergraduate,MMI,E1,not published,not published,not published,not published,hybrid (undecided — 'may take place either in person or online'),not published,not published,not published,not published,not published,not published,not published,not published,"Non-academic qualities such as communication skills, reflectiveness and empathy",not published,Exeter and Plymouth have clearly diverged since the Peninsula split and are no longer interchangeable for preparation. A legacy Exeter page states 4 stations for 2024 entry — treat as unconfirmed.,not published,MEDIUM on format and delivery; absent on structure,2027,institution,https://www.exeter.ac.uk/study/undergraduate/courses/medicine/medicine/,2026-08-29
plymouth-a100,University of Plymouth (Peninsula Medical School),"BMBS Bachelor of Medicine, Bachelor of Surgery",A100,undergraduate,MMI,E1,5,not published,not published,55,online (Zoom) — 'committed to online interviews for the current admission cycle',not published,not published,no,no,not published,not published,no,implied,Communication skills; Decision making; Impact of illness; Reflection and self-insight; Motivation and commitment; Integrity and inclusivity; Resilience and adaptability; Teamwork,"Explicit red-flag section scored Yes/No for unsuitable behaviour or statements, separate from the numerical scale. This is the only published confirmation that UK schools score red flags as a distinct binary — our scoring model should mirror it.",'Impact of illness' as a named assessed quality is unusual and content-relevant: it points at patient-experience understanding rather than clinical knowledge. Explicitly does not consider personal statements or work experience when selecting for interview.,not published,MEDIUM — station count and duration anchored to the 2024 cycle; online delivery confirmed for the current cycle,2024-2026,institution,https://plymouth.ac.uk/about-us/university-structure/faculties/health-medicine-dentistry-human-sciences/interview-candidate-information,2026-08-29
southampton-bm5,University of Southampton,BMBS Medicine (BM5),A100,undergraduate,selection day — interview plus group task (NOT MMI),E3; E7,2,not published,not published,not published,in-person (explicitly no online alternative),not published,not published,not published,yes,not published,yes,yes,not published,Are self-motivated and resilient; Have reflected on and learnt from life experiences; Can communicate effectively; Are able to interact successfully with others; Can demonstrate an understanding of the values of the NHS Constitution,Offers made on selection-day performance; UCAT is the tiebreak only.,The clearest format outlier among large schools: no station circuit at all. Explicitly draws on application content at interview AND runs a formal group task AND names the NHS Constitution. A candidate preparing for Southampton and for Bristol is preparing for two different exams.,not published,"HIGH on format, delivery and criteria; absent on timings",2026-2027,institution,https://www.southampton.ac.uk/courses/medicine-bm5-degree-bmbs,2026-08-29
southampton-bm6,University of Southampton,BMBS Medicine BM6 Widening Participation (6 years),A102,undergraduate (widening participation),selection day — interview plus group task,E3; E7,2,not published,not published,not published,in-person,not published,not published,not published,yes,not published,yes,yes,not published,As BM5,not published,not published,not published,HIGH on format and delivery,2026-2027,institution,https://www.southampton.ac.uk/courses/medicine-bm6-widening-participation-degree-bmbs,2026-08-29
southampton-bm4,University of Southampton,BMBS Medicine BM4 Graduate Entry (4 years),A101,graduate-entry,selection day — interview plus group task,E3; E7,2,not published,not published,not published,in-person,not published,not published,not published,yes,not published,yes,yes,not published,As BM5,not published,not published,not published,HIGH on format and delivery; MEDIUM on BM4-specific differences,2026-2027,institution,https://www.southampton.ac.uk/courses/medicine-bm4-graduate-entry-degree-bmbs,2026-08-29
bsms-a100,Brighton and Sussex Medical School,BM BS Medicine,A100,undergraduate,MMI,E1,5,10,0,60,"hybrid (applicant chooses in-person or Zoom, tied to the calendar slot)",not published,not published,not published,no,not published,not published,no,yes,"Each element rated Excellent, Good, Satisfactory, Borderline or Poor before a score is issued",Five-band descriptor scale then a numeric score out of 20 per station. Advises candidates to reflect on work experience referring to the skills and values attributes needed to study medicine.,"'BSMS does not use personal statements at any point during the admissions process' — the most categorical statement of its kind in the dataset. Ten-minute discussion stations with no preparation time are a distinct demand: sustained conversation, not a prepared answer.",not published,"HIGH on dates, delivery and PS policy; MEDIUM on station timings (guidance PDF last updated October 2022)",2027 (timings older),institution,https://www.bsms.ac.uk/undergraduate/applying-to-bsms/admissions-process.aspx,2026-08-29
cardiff-a100,Cardiff University,Medicine MBBCh,A100,undergraduate,MMI,E1,not published,not published,not published,not published,hybrid by fee status (in-person Home; online Overseas) for 2027 entry,not published,not published,partial (critical appraisal),CONFLICTING — course page tells applicants to demonstrate healthcare awareness in the personal statement; the 2026 school admissions policy scores applications on achieved qualifications only,yes,yes,no,not published,The course in Cardiff; Ethics; Understanding of a career in medicine; The NHS; Working in teams; Self-directed learning; Motivation; Empathy; Resilience; Communication,"MMIs assess ability to think quickly and adapt to novel scenarios, awareness of professional issues, critical appraisal, communication, and personal qualities.",One of only two schools naming 'the NHS' as a discrete question theme. Welsh-medium and bilingual interviews are available — a genuine localisation requirement if we build a Cardiff mode. Welsh-domiciled applicants receive additional consideration in the pre-interview scoring.,not published,HIGH on delivery and content themes; UNCERTAIN on personal statement; absent on structure,2027 (delivery) / 2026 (policy),institution,https://www.cardiff.ac.uk/study/undergraduate/courses/2026/medicine-mbbch,2026-08-29
cardiff-a101,Cardiff University,Medicine: Graduate Entry MBBCh,A101,graduate-entry (feeder streams only),MMI,E1,not published,not published,not published,not published,not published for A101 specifically,not published,not published,partial,CONFLICTING,yes,yes,no,not published,As A100,not published,"Cardiff's graduate entry is A101, NOT A104. A104 was Cardiff's historical 'Medicine with a Preliminary Year' code and is not in the current offering — correct this if it appears in our data.",not published,MEDIUM on format; UNCERTAIN on personal statement,2026,institution,https://www.cardiff.ac.uk/study/undergraduate/courses/course/medicine-graduate-entry-mbbch,2026-08-29
swansea-a101,Swansea University,Medicine (Graduate Entry) MB BCh,A101,graduate-entry,MMI-style assessment day with long stations,E1; E2,3,25,not published,75,in-person,yes,not published,not published (GAMSAT Paper 3 covers science pre-interview),yes,yes,not published,no,not published,Communication; Coping with Pressure; Problem Solving; Insight and Integrity; Passion for Medicine; Organisation and Research; Ethics and Values,not published,"The longest stations in the UK by a wide margin — 20-30 minutes. Also the only school openly confirming presentations, roleplay AND application-based questioning in the same circuit. Swansea has no undergraduate-entry medicine.",not published,MEDIUM — structure on Swansea's own pages but not dated to a specific cycle,unlabelled,institution,https://www.swansea.ac.uk/undergraduate/courses/medicine/medicine-graduate-entry-mbbch/,2026-08-29
bangor-a100,Bangor University (North Wales Medical School),Medicine BMBS,A100,undergraduate,MMI,E1,6,10,not published,60,in-person (Bangor campus only),not published,not published,partial (clinical reasoning listed on the FAQ page),not published,not published,not published,no,yes,Communication; Values; Clinical reasoning; Suitability for medicine,not published,"GMC status: progressing through approval to award a Primary Medical Qualification; accreditation completes only when the first cohort graduates, with Cardiff University as contingency awarding partner. Flag this to applicants. Two questions per station changes pacing — candidates must leave room for the second.",A100 full for September 2026 entry; 2027 applications opened 1 September 2026.,MEDIUM — format HIGH from Bangor's own pages; station count from an FAQ page with no cycle stamp,unlabelled,institution,https://www.bangor.ac.uk/nwms/faqs-studying-medicine-and-pharmacy,2026-08-29
bangor-a101,Bangor University (North Wales Medical School),Medicine BMBS Graduate Entry,A101,graduate-entry,MMI plus written entrance examination,E1; E9,6,10,not published,150,in-person (Bangor),not published,not published,yes,not published,not published,not published,no,yes,As A100,Exam pass mark standard-set with faculty and a psychometrician.,The only UK medical school in this dataset running a biomedical-science written examination at the interview stage. This is genuinely out of scope for an interview-practice product and should be explicitly excluded rather than half-served.,Entrance exam page stamped 2026 entry.,MEDIUM,2026,institution,https://www.bangor.ac.uk/medicine-entrance-exam-information,2026-08-29
aberdeen-a100,University of Aberdeen,Medicine MBChB,A100,undergraduate,modified MMI,E1,5,5,0,60,"in-person (Suttie Centre, Foresterhill)",not published,not published,no,no,not a named MBChB station (Professionalism covers it),not published,no,yes,Motivation to study medicine; Core Qualities; Critical thinking & problem solving; Team work; Professionalism; Each station also independently scores communication and interpersonal skills,"Selection weighting: academic attainment/predictions 30%, UCAT 20%, interview 50%. Scoring criteria published verbatim: ability to express ideas freely and coherently; how well existing knowledge is used to formulate answers to unknown areas; ability to follow a reasoned argument and formulate an opinion; degree of preparedness; ability to discuss advantages and disadvantages of a problem; degree of motivation, commitment, reflection and sensitivity.",Two selectors per station and a communication score attached to EVERY station regardless of its domain — the same dual-track model our scoring should adopt. Aberdeen's Gateway2Medicine uses the same five domains.,not published,HIGH on format; MEDIUM on cycle (page still lists December 2025 dates),2026,institution,https://www.abdn.ac.uk/smmsn/undergraduate/medicine/application-process/interview/,2026-08-29
dundee-a100,University of Dundee,Medicine MBChB,A100,undergraduate,group discussion + structured interview (NOT MMI),E3; E7,2,30,not published,100,in-person at Ninewells (UK); online via Blackboard Collaborate for international,not published,not published,not published,not published,not published — 'a specific scenario' is unspecified,not published,yes,different assessor per stage; method not described,Your ability to communicate effectively; Your ability to work within a group setting; Your personal values; Your professionalism,not published,"DIRECTLY CONTRADICTS most commercial guides, which describe Dundee as an MMI school. It is a 30-minute observed group discussion followed by a one-to-one. Any Dundee-specific content we publish that assumes MMI is wrong.",not published,HIGH on format (institution page); page states September 2026 entry,2026,institution,https://www.dundee.ac.uk/undergraduate/medicine/interview,2026-08-29
dundee-a104,University of Dundee,Medicine - Gateway to Medicine MBChB,A104,undergraduate (widening access gateway),not published,,not published,not published,not published,not published,not published,not published,not published,not published,not published,not published,not published,not published,not published,,"No UCAT required. UCAS deadline 1 July, not the 15 October medicine deadline.",Do not build a Dundee Gateway mode. There is nothing published to build it against.,not published,HIGH that Dundee publishes no Gateway interview detail,2026,institution,https://www.dundee.ac.uk/undergraduate/medicine-gateway/entry-requirements,2026-08-29
edinburgh-a100,University of Edinburgh,MBChB Medicine (6-year),A100,undergraduate (graduate/mature applicants use the same route),Assessment Day — multiple short interviews plus a group task,E1; E7,4,12,not published,not published,in-person for Scottish/RUK/RoI (2027 entry); virtual in the 2025-entry document,not published,not published,not published,PS not formally assessed but may guide shortlisting and is 'essential preparation',not published,not published,yes,implied (dedicated marking period per assessor),"Assessments based on the core attributes required of medical doctors, outlined in the Medical Schools Council statement","Scoring: academic 25%, UCAT total 17.5%, UCAT SJT band 7.5% (50% pre-assessment), Assessment Day 50%. SJT Band 4 or below the UCAT cut-off eliminates, except 'Plus Flag' applicants who are exempt from the UCAT threshold.",CORRECTS A WIDELY REPEATED ERROR: the claim that Edinburgh does not interview home applicants is out of date. Edinburgh is also the ONLY school in the entire dataset that has updated its wording to acknowledge the new UCAS three-question personal statement.,In-person requirement for Scottish/RUK/RoI on the 2027-entry page vs virtual delivery in the 2025-entry document; Edinburgh does not label this as a change.,HIGH that interviews happen and on the weightings; MEDIUM/LOW on station counts and lengths (2025-entry assessor PDF),2027 (weightings) / 2025 (structure),institution,https://medicine-vet-medicine.ed.ac.uk/edinburgh-medical-school/medicine/applying/assessment-selection-and-statistics/selection,2026-08-29
glasgow-a100,University of Glasgow,Medicine MBChB,A100,undergraduate,panel / semi-structured — two panels in one 30-minute session (NOT MMI),E3,2,15,not published,30,"online (2027 entry, late November 2026 and March 2027)",not published,no,not published,no,yes,yes,no,not published,"Panel A — motivation to become a doctor, teamwork; Panel B — communication, ethical reasoning","No interview score adjustments are made for any applicants, including widening participation candidates.",GLASGOW IS NOT AN MMI SCHOOL for 2027 entry. Any product content describing a Glasgow station circuit is wrong. The choose-one-of-two-ethical-scenarios mechanic is unique and directly buildable. Interviewers are blinded to everything but the name — application-defence practice is worthless here. Glasgow advises candidates to be aware of current issues and challenges within the NHS.,not stated by Glasgow,HIGH — Glasgow's own page explicitly cites 2027 entry,2027,institution,https://www.gla.ac.uk/schools/medicine/mus/admissions/mbchbinterviews/,2026-08-29
standrews-a100,University of St Andrews,Medicine BSc,A100,undergraduate,MMI,E1; E2,4,6,not published,not published,hybrid by fee status (in-person for Home-funded; online for all others),yes,not published,not published,used in shortlisting only,yes,not published,no,not published,Communication and interpersonal skills; Critical thinking; Reflection; Ability to discuss ethical issues; Understanding of medicine as a career; Appreciation of the realities of a caring profession,Hurdle-based process: 'your application will not be scored nor will weighting be applied'. ~650 interview places. Offers based on interview score and applicant route (Scotland / England / No Preference). UCAT is the tie-breaker.,"Only four stations, so each carries 25% of the interview outcome — the highest per-station stakes in the dataset. At least one guaranteed actor station out of four means roleplay is 25%+ of the assessment here.",not published,HIGH on format; page states 2026 entry,2026,institution,https://www.st-andrews.ac.uk/subjects/medicine/medicine-bsc-a100/selection/,2026-08-29
scotgem-a101,University of St Andrews with University of Dundee,ScotGEM MBChB,A101,graduate-entry,MMI,E1,not published,7,0.5,not published,in-person (Ninewells),not published,not published,not published,yes,not published,not published,no,staggered starting points imply independence,,Shortlisting ranked primarily on GAMSAT. ~160 interview places. Most decisions not made until mid-March 2027.,"Explicitly assesses why the applicant chose ScotGEM specifically — a school-specific motivation requirement, like Sheffield's 'Knowledge of Sheffield' and Pears Cumbria's regional commitment. These three are the only genuine cases where content cannot be shared across schools.",not published,HIGH on station length; station COUNT unpublished on current and archived pages,2027,institution,https://www.st-andrews.ac.uk/subjects/medicine/scotgem-mbchb/selection/,2026-08-29
qub-a100-home,Queen's University Belfast,Medicine MB BCh BAO (Home applicants),A100,undergraduate,MMI,E1; E2,12,5,1,72,in-person (Home fee applicants),yes,no,not published (competencies explicitly non-cognitive),yes,yes,not published,no,yes,Communication Skills; Empathy; Moral Reasoning; Problem-Solving,"Only four competencies across nine assessed stations — so each competency is sampled more than twice. Explicitly states there are no stations requiring interpretation of data or graphs, and no writing at any station.","THE MOST ROLEPLAY-INTENSIVE CIRCUIT IN THE UK: four of nine assessed stations involve role players, i.e. 44% of the assessment. Station 1 is a peer roleplay (a fellow student), not a patient — this is exactly the kind of scenario a pre-medical applicant can legitimately handle and should be a template for our peer-conflict roleplays. Also publishes rest stations, which changes circuit pacing.",not published,HIGH; pages state 2026 entry,2026,institution,https://www.qub.ac.uk/Study/medicine-mmi-candidate-information-home/,2026-08-29
qub-a100-intl,Queen's University Belfast,Medicine MB BCh BAO (International applicants),A100,undergraduate,MMI (online),E1; E2,7,5,1,42,online (Zoom),yes,no,not published,yes,yes,not published,no,yes,Communication Skills; Empathy; Moral Reasoning; Problem-Solving,not published,"Same four competencies, different circuit length — evidence that competency coverage, not station count, is the invariant. Design our content against competencies and parameterise the circuit.",not published,HIGH (QUB's own 2026-entry candidate guidance PDF),2026,institution,https://www.qub.ac.uk/Study/medicine-mmi-candidate-information-international/,2026-08-29
ulster-a101,Ulster University (Magee),Medicine MBBS Graduate Entry,A101,graduate-entry,MMI,E1,8,not published,not published,not published,not published for current cycle; virtual in 2021 entry,not published,not published,not published,no,2021 station only,not published,not published,implied by one-competency-per-station blueprint,Communication Skills; Initiative and Resilience; Insight and Integrity; Empathy; Teamwork; Organisation and Problem Solving; Preparation and Motivation for a Medical Career; Ethical and Moral Reasoning,GAMSAT minimum 50 in each section plus an overall threshold. Average overall GAMSAT of interviewed candidates 59 (2020-2025 data).,"The 2021 finding that communication stations discriminated most strongly is the only published UK evidence of relative station validity we found. It supports weighting communication heavily in our own scoring — but it is one school, one cycle, five years ago.",not published,MEDIUM that the format is MMI; LOW for all structural detail (2021-entry source only),2021 (structure) / 2028 course page (format),institution,https://www.ulster.ac.uk/courses/202728/medicine-45586,2026-08-29
